<?xml version="1.0" encoding="UTF-8"?>
<schemaMeta xmlns:xsi="http://www.w3.org/2001/XMLSchema-instance"
            xsi:noNamespaceSchemaLocation="http://schemaspy.sourceforge.net/xmlschema/2011/02/05/schemaspy.meta.xsd">
   <comments>
      UnifiedDB Character Database
   </comments>
   <tables>
      <table name="account_data">
         <column name="account">
            <foreignKey remoteCatalog="realmd" table="account" column="id"/>
         </column>
      </table>

      <table name="arena_team">
         <column name="captainguid">
            <foreignKey table="characters" column="guid"/>
         </column>
      </table>

      <table name="arena_team_member">
         <column name="arenateamid">
            <foreignKey table="arena_team" column="arenateamid"/>
         </column>
         <column name="guid">
            <foreignKey table="characters" column="guid"/>
         </column>
      </table>

      <table name="arena_team_stats">
         <column name="arenateamid">
            <foreignKey table="arena_team" column="arenateamid"/>
         </column>
      </table>

      <table name="auctionhouse">
         <column name="id" disableImpliedKeys="all" />
         <column name="auctioneerguid">
            <foreignKey remoteCatalog="mangos" table="creature" column="guid"/>
         </column>
         <column name="itemguid">
            <foreignKey table="item_instance" column="guid"/>
         </column>
         <column name="item_template">
            <foreignKey remoteCatalog="mangos" table="item_template" column="entry"/>
         </column>
         <column name="itemowner">
            <foreignKey table="characters" column="guid"/>
         </column>
         <column name="buyguid">
            <foreignKey table="characters" column="guid"/>
         </column>
      </table>

      <table name="characters">
        <column name="account">
            <foreignKey remoteCatalog="realmd" table="account" column="id"/>
        </column>
      </table>

      <table name="character_achievement">
         <column name="guid">
            <foreignKey table="characters" column="guid"/>
         </column>
      </table>

      <table name="character_achievement_progress">
         <column name="guid">
            <foreignKey table="characters" column="guid"/>
         </column>
      </table>

      <table name="character_action">
         <column name="guid">
            <foreignKey table="characters" column="guid"/>
         </column>
      </table>

      <table name="character_aura">
         <column name="guid">
            <foreignKey table="characters" column="guid"/>
         </column>
         <column name="caster_guid">
            <foreignKey table="characters" column="guid"/>
         </column>
         <column name="spell">
            <foreignKey remoteCatalog="mangos" table="spell_dbc" column="id"/>
         </column>
      </table>

      <table name="character_declinedname">
         <column name="guid">
            <foreignKey table="characters" column="guid"/>
         </column>
      </table>

      <table name="character_gifts">
         <column name="guid">
            <foreignKey table="characters" column="guid"/>
         </column>
         <column name="item_guid" disableImpliedKeys="all">
            <foreignKey table="item_instance" column="guid"/>
         </column>
         <column name="entry">
            <foreignKey remoteCatalog="mangos" table="item_template" column="entry"/>
         </column>
      </table>

      <table name="character_homebind">
         <column name="guid">
            <foreignKey table="characters" column="guid"/>
         </column>
      </table>

      <table name="character_instance">
         <column name="guid">
            <foreignKey table="characters" column="guid"/>
         </column>
         <column name="instance">
            <foreignKey table="instance" column="id"/>
         </column>
      </table>

      <table name="character_inventory">
         <column name="guid">
            <foreignKey table="characters" column="guid"/>
         </column>
         <column name="bag" >
            <foreignKey table="item_instance" column="guid"/>
         </column>
         <column name="item" >
            <foreignKey table="item_instance" column="guid"/>
         </column>
         <column name="item_template">
            <foreignKey remoteCatalog="mangos" table="item_template" column="entry"/>
         </column>
      </table>

      <table name="character_pet">
         <column name="id" disableImpliedKeys="from" />
         <column name="entry">
            <foreignKey remoteCatalog="mangos" table="creature_template" column="entry"/>
         </column>
         <column name="owner">
            <foreignKey table="characters" column="guid"/>
         </column>
      </table>

      <table name="character_pet_declinedname">
         <column name="owner">
            <foreignKey table="characters" column="guid"/>
         </column>
      </table>

      <table name="character_queststatus">
         <column name="guid">
            <foreignKey table="characters" column="guid"/>
         </column>
         <column name="quest">
            <foreignKey remoteCatalog="mangos" table="quest_template" column="entry"/>
         </column>
      </table>

      <table name="character_queststatus_daily">
         <column name="guid">
            <foreignKey table="characters" column="guid"/>
         </column>
         <column name="quest">
            <foreignKey remoteCatalog="mangos" table="quest_template" column="entry"/>
         </column>
      </table>

      <table name="character_reputation">
         <column name="guid">
            <foreignKey table="characters" column="guid"/>
         </column>
      </table>

      <table name="character_social">
         <column name="guid">
            <foreignKey table="characters" column="guid"/>
         </column>
         <column name="friend">
            <foreignKey table="characters" column="guid"/>
         </column>
      </table>

      <table name="character_spell">
         <column name="guid">
            <foreignKey table="characters" column="guid"/>
         </column>
         <column name="spell">
            <foreignKey remoteCatalog="mangos" table="spell_dbc" column="id"/>
         </column>
      </table>

      <table name="character_spell_cooldown">
         <column name="guid">
            <foreignKey table="characters" column="guid"/>
         </column>
         <column name="spell">
            <foreignKey remoteCatalog="mangos" table="spell_dbc" column="id"/>
         </column>
         <column name="item" >
            <foreignKey remoteCatalog="mangos" table="item_template" column="entry"/>
         </column>
      </table>

      <table name="character_ticket">
         <column name="guid">
            <foreignKey table="characters" column="guid"/>
         </column>
      </table>

      <table name="character_tutorial">
         <column name="account">
            <foreignKey remoteCatalog="realmd" table="account" column="id"/>
         </column>
         <column name="guid">
            <foreignKey table="characters" column="guid"/>
         </column>
         <column name="realmid">
            <foreignKey remoteCatalog="realmd" table="realmlist" column="id"/>
         </column>
      </table>

      <table name="corpse">
         <column name="guid">
            <foreignKey table="characters" column="guid"/>
         </column>
      </table>

      <table name="group_instance">
         <column name="leaderGuid">
            <foreignKey table="groups" column="leaderGuid"/>
         </column>
         <column name="instance">
            <foreignKey table="instance" column="id"/>
         </column>
      </table>

      <table name="group_member">
         <column name="leaderGuid">
            <foreignKey table="groups" column="leaderGuid"/>
         </column>
         <column name="memberGuid">
            <foreignKey table="characters" column="guid"/>
         </column>
      </table>

      <table name="groups">
         <column name="leaderGuid">
            <foreignKey table="characters" column="guid"/>
         </column>
         <column name="looterGuid">
            <foreignKey table="characters" column="guid"/>
         </column>
         <column name="mainTank">
            <foreignKey table="characters" column="guid"/>
         </column>
         <column name="mainAssistant">
            <foreignKey table="characters" column="guid"/>
         </column>
      </table>

      <table name="guild">
         <column name="leaderguid">
            <foreignKey table="characters" column="guid"/>
         </column>
      </table>

      <table name="guild_bank_eventlog">
         <column name="guildid">
            <foreignKey table="guild" column="guildid"/>
         </column>
         <column name="PlayerGuid">
            <foreignKey table="characters" column="guid"/>
         </column>
         <column name="TabId">
            <foreignKey table="guild_bank_tab" column="TabId"/>
         </column>
      </table>

      <table name="guild_bank_item">
         <column name="guildid">
            <foreignKey table="guild" column="guildid"/>
         </column>
         <column name="TabId">
            <foreignKey table="guild_bank_tab" column="TabId"/>
         </column>
         <column name="item_guid">
            <foreignKey table="item_instance" column="guid"/>
         </column>
         <column name="item_entry">
            <foreignKey remoteCatalog="mangos" table="item_template" column="entry"/>
         </column>
      </table>

      <table name="guild_bank_right">
         <column name="guildid">
            <foreignKey table="guild" column="guildid"/>
         </column>
         <column name="TabId">
            <foreignKey table="guild_bank_tab" column="TabId"/>
         </column>
         <column name="rid">
            <foreignKey table="guild_rank" column="rid"/>
         </column>
      </table>

      <table name="guild_bank_tab">
         <column name="guildid">
            <foreignKey table="guild" column="guildid"/>
         </column>
         <column name="TabId">
            <foreignKey table="guild_bank_tab" column="TabId"/>
         </column>
      </table>

      <table name="guild_eventlog">
         <column name="guildid">
            <foreignKey table="guild" column="guildid"/>
         </column>
         <column name="PlayerGuid1">
            <foreignKey table="characters" column="guid"/>
         </column>
         <column name="PlayerGuid2">
            <foreignKey table="characters" column="guid"/>
         </column>
         <column name="NewRank">
            <foreignKey table="guild_rank" column="rid"/>
         </column>
      </table>

      <table name="guild_member">
         <column name="guildid">
            <foreignKey table="guild" column="guildid"/>
         </column>
         <column name="guid">
            <foreignKey table="characters" column="guid"/>
         </column>
         <column name="rank">
            <foreignKey table="guild_rank" column="rid"/>
         </column>
      </table>

      <table name="guild_rank">
         <column name="guildid">
            <foreignKey table="guild" column="guildid"/>
         </column>
      </table>

      <table name="instance">
         <column name="id" disableImpliedKeys="from" />
      </table>

      <table name="item_instance">
         <column name="guid" disableImpliedKeys="all" />
         <column name="owner_guid">
            <foreignKey table="characters" column="guid"/>
         </column>
      </table>

      <table name="item_text">
         <column name="id" disableImpliedKeys="all" />
      </table>

      <table name="mail">
         <column name="id" disableImpliedKeys="all" />
         <column name="sender">
            <foreignKey table="characters" column="guid"/>
         </column>
         <column name="receiver">
            <foreignKey table="characters" column="guid"/>
         </column>
      </table>

      <table name="mail_items">
         <column name="mail_id">
            <foreignKey table="mail" column="id"/>
         </column>
         <column name="item_guid">
            <foreignKey table="item_instance" column="guid"/>
         </column>
         <column name="item_template">
            <foreignKey remoteCatalog="mangos" table="item_template" column="entry"/>
         </column>
         <column name="receiver">
            <foreignKey table="characters" column="guid"/>
         </column>
      </table>

      <table name="pet_aura">
         <column name="guid">
            <foreignKey table="characters" column="guid"/>
         </column>
         <column name="caster_guid">
            <foreignKey table="characters" column="guid"/>
         </column>
         <column name="spell">
            <foreignKey remoteCatalog="mangos" table="spell_dbc" column="id"/>
         </column>
      </table>

      <table name="pet_spell">
         <column name="guid">
            <foreignKey table="character_pet" column="id"/>
         </column>
         <column name="spell">
            <foreignKey remoteCatalog="mangos" table="spell_dbc" column="id"/>
         </column>
      </table>

      <table name="pet_spell_cooldown">
         <column name="guid">
            <foreignKey table="character_pet" column="id"/>
         </column>
         <column name="spell">
            <foreignKey remoteCatalog="mangos" table="spell_dbc" column="id"/>
         </column>
      </table>

      <table name="petition">
         <column name="ownerguid">
            <foreignKey table="characters" column="guid"/>
         </column>
         <column name="petitionguid">
            <foreignKey table="item_instance" column="guid"/>
         </column>
      </table>

      <table name="petition_sign">
         <column name="ownerguid">
            <foreignKey table="characters" column="guid"/>
         </column>
         <column name="petitionguid">
            <foreignKey table="item_instance" column="guid"/>
         </column>
         <column name="playerguid">
            <foreignKey table="characters" column="guid"/>
         </column>
         <column name="player_account">
            <foreignKey remoteCatalog="realmd" table="account" column="id"/>
         </column>
      </table>

      <!-- dbc files represented as tables -->

      <table name="spell_dbc" remoteCatalog="mangos">
         <column name="id" primaryKey="true">
         </column>
      </table>
   </tables>
</schemaMeta>