<?xml version="1.0" encoding="UTF-8"?>
<schemaMeta xmlns:xsi="http://www.w3.org/2001/XMLSchema-instance"
            xsi:noNamespaceSchemaLocation="http://schemaspy.sourceforge.net/xmlschema/2011/02/05/schemaspy.meta.xsd">
   <comments>
      UnifiedDB  World Database
   </comments>

   <tables>
      <table name="achievement_reward">
         <column name="entry">
            <foreignKey table="achievements_dbc" column="id"/>
         </column>
         <column name="title_a">
            <foreignKey table="chartitles_dbc" column="id"/>
         </column>
         <column name="title_h">
            <foreignKey table="chartitles_dbc" column="id"/>
         </column>
         <column name="item">
            <foreignKey table="item_template" column="entry"/>
         </column>
         <column name="sender">
            <foreignKey table="creature_template" column="entry"/>
         </column>
      </table>

      <table name="areatrigger_involvedrelation">
         <column name="id">
            <foreignKey table="areatrigger_dbc" column="id"/>
         </column>
         <column name="quest">
            <foreignKey table="quest_template" column="entry"/>
         </column>
      </table>

      <table name="areatrigger_tavern">
         <column name="id">
            <foreignKey table="areatrigger_dbc" column="id"/>
         </column>
      </table>

      <table name="areatrigger_teleport">
         <column name="id">
            <foreignKey table="areatrigger_dbc" column="id"/>
         </column>
         <column name="required_item">
            <foreignKey table="item_template" column="entry"/>
         </column>
         <column name="required_quest_done">
            <foreignKey table="quest_template" column="entry"/>
         </column>
         <column name="target_map">
            <foreignKey table="maps_dbc" column="id"/>
         </column>
      </table>

      <table name="battleground_events">
         <column name="map">
            <foreignKey table="maps_dbc" column="id"/>
         </column>
      </table>

      <table name="battleground_template">
         <column name="id">
            <foreignKey table="areatrigger_dbc" column="id"/>
         </column>
         <column name="AllianceStartLoc">
            <foreignKey table="worldsafelocs_dbc" column="id"/>
         </column>
         <column name="HordeStartLoc">
            <foreignKey table="worldsafelocs_dbc" column="id"/>
         </column>
      </table>

      <table name="battlemaster_entry">
         <column name="entry">
            <foreignKey table="creature_template" column="entry"/>
         </column>
         <column name="bg_template">
            <foreignKey table="battleground_template" column="id"/>
         </column>
      </table>

      <table name="creature">
         <column name="id">
            <foreignKey table="creature_template" column="entry"/>
         </column>
         <column name="map">
            <foreignKey table="maps_dbc" column="id"/>
         </column>
         <column name="modelid">
            <foreignKey table="creature_model_info" column="modelid"/>
         </column>
         <column name="equipment_id">
            <foreignKey table="creature_equip_template" column="entry"/>
         </column>
         <column name="currentwaypoint">
            <foreignKey table="creature_movement" column="point"/>
         </column>
      </table>

      <table name="creature_addon">
         <column name="guid">
            <foreignKey table="creature" column="guid"/>
         </column>
      </table>

      <table name="creature_ai_texts">
         <column name="entry">
            <foreignKey table="event_scripts" column="id"/>
         </column>
         <column name="language">
            <foreignKey table="languages_dbc" column="id"/>
         </column>
      </table>

      <table name="creature_battleground">
         <column name="guid">
            <foreignKey table="creature" column="guid"/>
         </column>
         <column name="event1">
            <foreignKey table="game_event" column="entry"/>
         </column>
         <column name="event2">
            <foreignKey table="game_event" column="entry"/>
         </column>
      </table>

      <table name="creature_equip_template">
         <column name="equipentry1">
            <foreignKey table="item_dbc" column="id"/>
         </column>
         <column name="equipentry1">
            <foreignKey table="item_dbc" column="id"/>
         </column>
         <column name="equipentry1">
            <foreignKey table="item_dbc" column="id"/>
         </column>
      </table>

      <table name="creature_involvedrelation">
         <column name="id">
            <foreignKey table="creature_template" column="entry"/>
         </column>
         <column name="quest">
            <foreignKey table="quest_template" column="entry"/>
         </column>
      </table>

      <table name="creature_loot_template">
         <column name="entry">
            <foreignKey table="creature_template" column="lootid"/>
         </column>
         <column name="item">
            <foreignKey table="item_template" column="entry"/>
         </column>
      </table>

      <table name="creature_model_info">
         <column name="modelid">
            <foreignKey table="creaturedisplayinfo_dbc" column="id"/>
         </column>
         <column name="modelid_other_gender">
            <foreignKey table="creature_model_info" column="modelid"/>
         </column>
         <column name="modelid_alternative">
            <foreignKey table="creature_model_info" column="modelid"/>
         </column>
      </table>

      <table name="creature_movement">
         <column name="id">
            <foreignKey table="creature" column="guid"/>
         </column>
         <column name="script_id">
            <foreignKey table="creature_movement_scripts" column="id"/>
         </column>
         <column name="textid1">
            <foreignKey table="db_script_string" column="entry"/>
         </column>
         <column name="textid2">
            <foreignKey table="db_script_string" column="entry"/>
         </column>
         <column name="textid3">
            <foreignKey table="db_script_string" column="entry"/>
         </column>
         <column name="textid4">
            <foreignKey table="db_script_string" column="entry"/>
         </column>
         <column name="textid5">
            <foreignKey table="db_script_string" column="entry"/>
         </column>
         <column name="spell">
            <foreignKey table="spell_dbc" column="id"/>
         </column>
         <column name="wpguid">
            <foreignKey table="creature_movement" column="point"/>
         </column>
         <column name="model1">
            <foreignKey table="creaturedisplayinfo_dbc" column="id"/>
         </column>
         <column name="model2">
            <foreignKey table="creaturedisplayinfo_dbc" column="id"/>
         </column>
      </table>

      <table name="creature_movement_scripts">
         <column name="id" primaryKey="true">
            <foreignKey table="creature_movement" column="script_id"/>
         </column>
      </table>

      <table name="creature_model_info">
         <column name="modelid">
            <foreignKey table="creaturedisplayinfo_dbc" column="id"/>
         </column>
         <column name="modelid_other_gender">
            <foreignKey table="creature_model_info" column="modelid"/>
         </column>
         <column name="modelid_alternative">
            <foreignKey table="creature_model_info" column="modelid"/>
         </column>
      </table>

      <table name="creature_movement">
         <column name="id">
            <foreignKey table="creature" column="guid"/>
         </column>
         <column name="script_id">
            <foreignKey table="creature_movement_scripts" column="id"/>
         </column>
         <column name="text">
            <foreignKey table="db_script_string" column="entry"/>
         </column>
         <column name="wpguid">
            <foreignKey table="creature_movement" column="point"/>
         </column>
         <column name="model1">
            <foreignKey table="creaturedisplayinfo_dbc" column="id"/>
         </column>
         <column name="model2">
            <foreignKey table="creaturedisplayinfo_dbc" column="id"/>
         </column>
      </table>

      <table name="creature_movement_scripts">
         <column name="id">
            <foreignKey table="creature_movement" column="script_id"/>
         </column>
      </table>

      <table name="creature_onkill_reputation">
         <column name="creature_id">
            <foreignKey table="creature_template" column="entry"/>
         </column>
         <column name="RewOnKillRepFaction1">
            <foreignKey table="faction_dbc" column="id"/>
         </column>
         <column name="RewOnKillRepFaction2">
            <foreignKey table="faction_dbc" column="id"/>
         </column>
      </table>

      <table name="creature_questrelation">
         <column name="id">
            <foreignKey table="creature_template" column="entry"/>
         </column>
         <column name="quest">
            <foreignKey table="quest_template" column="entry"/>
         </column>
      </table>

      <table name="creature_respawn">
         <column name="guid">
            <foreignKey table="creature" column="guid"/>
         </column>
      </table>

      <table name="creature_template">
         <column name="modelid_1">
            <foreignKey table="creature_model_info" column="modelid"/>
         </column>
         <column name="modelid_2">
            <foreignKey table="creature_model_info" column="modelid"/>
         </column>
         <column name="modelid_3">
            <foreignKey table="creature_model_info" column="modelid"/>
         </column>
         <column name="modelid_4">
            <foreignKey table="creature_model_info" column="modelid"/>
         </column>
         <column name="faction_A">
            <foreignKey table="factiontemplate_dbc" column="id"/>
         </column>
         <column name="faction_H">
            <foreignKey table="factiontemplate_dbc" column="id"/>
         </column>
         <column name="trainer_spell">
            <foreignKey table="spell_dbc" column="id"/>
         </column>
         <column name="lootid">
            <foreignKey table="creature_loot_template" column="entry"/>
         </column>
         <column name="pickpocketloot">
            <foreignKey table="pickpocketing_loot_template" column="entry"/>
         </column>
         <column name="skinloot">
            <foreignKey table="skinning_loot_template" column="entry"/>
         </column>
         <column name="spell1">
            <foreignKey table="spell_dbc" column="id"/>
         </column>
         <column name="spell2">
            <foreignKey table="spell_dbc" column="id"/>
         </column>
         <column name="spell3">
            <foreignKey table="spell_dbc" column="id"/>
         </column>
         <column name="spell4">
            <foreignKey table="spell_dbc" column="id"/>
         </column>
         <column name="PetSpellDataId">
            <foreignKey table="spell_dbc" column="id"/>
         </column>
         <column name="equipment_id">
            <foreignKey table="creature_equip_template" column="entry"/>
         </column>
      </table>

      <table name="creature_template_addon">
         <column name="entry">
            <foreignKey table="creature_template" column="entry"/>
         </column>
      </table>

      <table name="disenchant_loot_template">
         <column name="entry">
            <foreignKey table="item_template" column="disenchantid"/>
         </column>
         <column name="item">
            <foreignKey table="item_template" column="entry"/>
         </column>
      </table>

      <table name="event_scripts">
         <column name="id" primaryKey="true"/>
      </table>

      <table name="fishing_loot_template">
         <column name="entry">
            <foreignKey table="maps_dbc" column="id"/>
         </column>
         <column name="item">
            <foreignKey table="item_template" column="entry"/>
         </column>
      </table>

      <table name="game_event_creature">
         <column name="guid">
            <foreignKey table="creature" column="guid"/>
         </column>
         <column name="event">
            <foreignKey table="game_event" column="entry"/>
         </column>
      </table>

      <table name="game_event_creature_quest">
         <column name="id">
            <foreignKey table="creature_template" column="entry"/>
         </column>
         <column name="quest">
            <foreignKey table="quest_template" column="entry"/>
         </column>
         <column name="event">
            <foreignKey table="game_event" column="entry"/>
         </column>
      </table>

      <table name="game_event_gameobject">
         <column name="guid">
            <foreignKey table="gameobject" column="guid"/>
         </column>
         <column name="event">
            <foreignKey table="game_event" column="entry"/>
         </column>
      </table>

      <table name="game_event_model_equip">
         <column name="guid">
            <foreignKey table="creature" column="guid"/>
         </column>
         <column name="modelid">
            <foreignKey table="creature_model_info" column="modelid"/>
         </column>
         <column name="equipment_id">
            <foreignKey table="creature_equip_template" column="entry"/>
         </column>
         <column name="event">
            <foreignKey table="game_event" column="entry"/>
         </column>
      </table>

      <table name="game_graveyard_zone">
         <column name="id">
            <foreignKey table="worldsafelocs_dbc" column="id"/>
         </column>
         <column name="ghost_zone">
            <foreignKey table="areatable_dbc" column="id"/>
         </column>
      </table>

      <table name="game_tele">
         <column name="map">
            <foreignKey table="maps_dbc" column="id"/>
         </column>
      </table>

      <table name="game_weather">
         <column name="zone">
            <foreignKey table="areatable_dbc" column="id"/>
         </column>
      </table>

      <table name="gameobject">
         <column name="id">
            <foreignKey table="gameobject_template" column="entry"/>
         </column>
         <column name="map">
            <foreignKey table="maps_dbc" column="id"/>
         </column>
      </table>

      <table name="gameobject_involvedrelation">
         <column name="id">
            <foreignKey table="gameobject_template" column="entry"/>
         </column>
         <column name="quest">
            <foreignKey table="quest_template" column="entry"/>
         </column>
      </table>

      <table name="gameobject_loot_template">
         <column name="item">
            <foreignKey table="item_template" column="entry"/>
         </column>
      </table>

      <table name="gameobject_questrelation">
         <column name="id">
            <foreignKey table="gameobject_template" column="entry"/>
         </column>
         <column name="quest">
            <foreignKey table="quest_template" column="entry"/>
         </column>
      </table>

      <table name="gameobject_respawn">
         <column name="guid">
            <foreignKey table="gameobject" column="guid"/>
         </column>
      </table>

      <table name="gameobject_scripts">
         <column name="id">
            <foreignKey table="gameobject" column="guid"/>
         </column>
      </table>

      <table name="gameobject_template">
         <column name="faction">
            <foreignKey table="factiontemplate_dbc" column="id"/>
         </column>
      </table>

      <table name="gossip_menu">
         <!-- not sure about this one -->
         <column name="text_id">
            <foreignKey table="npc_text" column="id"/>
         </column>
      </table>

      <table name="gossip_scripts">
         <column name="id">
            <foreignKey table="gossip_menu_option" column="action_script_id"/>
         </column>
      </table>

      <table name="instance_template">
         <column name="map">
            <foreignKey table="maps_dbc" column="id"/>
         </column>
      </table>

      <table name="item_loot_template">
         <column name="entry">
            <foreignKey table="item_template" column="entry"/>
         </column>
         <column name="item">
            <foreignKey table="item_template" column="entry"/>
         </column>
      </table>

      <table name="item_required_target">
         <column name="entry">
            <foreignKey table="item_dbc" column="id"/>
         </column>
      </table>

      <table name="item_template">
         <column name="requiredspell">
            <foreignKey table="spell_dbc" column="id"/>
         </column>
         <column name="RequiredReputationFaction">
            <foreignKey table="faction_dbc" column="id"/>
         </column>
         <column name="spellid_1">
            <foreignKey table="spell_dbc" column="id"/>
         </column>
         <column name="spellid_2">
            <foreignKey table="spell_dbc" column="id"/>
         </column>
         <column name="spellid_3">
            <foreignKey table="spell_dbc" column="id"/>
         </column>
         <column name="spellid_4">
            <foreignKey table="spell_dbc" column="id"/>
         </column>
         <column name="spellid_5">
            <foreignKey table="spell_dbc" column="id"/>
         </column>
         <column name="PageText">
            <foreignKey table="page_text" column="entry"/>
         </column>
         <column name="startquest">
            <foreignKey table="quest_template" column="entry"/>
         </column>
         <column name="itemset">
            <foreignKey table="itemset_dbc" column="id"/>
         </column>
         <column name="area">
            <foreignKey table="areatable_dbc" column="id"/>
         </column>
         <column name="map">
            <foreignKey table="maps_dbc" column="id"/>
         </column>
         <column name="GemProperties">
            <foreignKey table="gemproperties_dbc" column="id"/>
         </column>
         <column name="DisenchantID">
            <foreignKey table="disenchant_loot_template" column="entry"/>
         </column>
      </table>

      <table name="locales_creature">
         <column name="entry">
            <foreignKey table="creature_template" column="entry"/>
         </column>
      </table>

      <table name="locales_gameobject">
         <column name="entry">
            <foreignKey table="gameobject_template" column="entry"/>
         </column>
      </table>

      <table name="locales_item">
         <column name="entry">
            <foreignKey table="item_template" column="entry"/>
         </column>
      </table>

      <table name="locales_npc_text">
         <column name="entry">
            <foreignKey table="npc_text" column="id"/>
         </column>
      </table>

      <table name="locales_page_text">
         <column name="entry">
            <foreignKey table="page_text" column="entry"/>
         </column>
      </table>

      <table name="locales_quest">
         <column name="entry">
            <foreignKey table="quest_template" column="entry"/>
         </column>
      </table>

      <table name="mail_level_reward">
         <column name="mailTemplateId">
            <foreignKey table="mail_loot_template" column="entry"/>
         </column>
      </table>

      <table name="milling_loot_template">
         <column name="entry">
            <foreignKey table="item_template" column="entry"/>
         </column>
         <column name="item">
            <foreignKey table="item_template" column="entry"/>
         </column>
      </table>

      <table name="npc_gossip">
         <column name="npc_guid">
            <foreignKey table="creature" column="guid"/>
         </column>
         <column name="textid">
            <foreignKey table="npc_text" column="id"/>
         </column>
      </table>

      <table name="npc_spellclick_spells">
         <column name="npc_entry">
            <foreignKey table="creature_template" column="entry"/>
         </column>
         <column name="spell_id">
            <foreignKey table="spell_dbc" column="id"/>
         </column>
         <column name="quest_start">
            <foreignKey table="quest_template" column="entry"/>
         </column>
         <column name="quest_start_active">
            <foreignKey table="quest_template" column="entry"/>
         </column>
         <column name="quest_end">
            <foreignKey table="quest_template" column="entry"/>
         </column>
      </table>

      <table name="npc_trainer">
         <column name="entry">
            <foreignKey table="creature_template" column="entry"/>
         </column>
         <column name="spell">
            <foreignKey table="spell_dbc" column="id"/>
         </column>
      </table>

      <table name="npc_vendor">
         <column name="entry">
            <foreignKey table="creature_template" column="entry"/>
         </column>
         <column name="item">
            <foreignKey table="item_template" column="entry"/>
         </column>
      </table>

      <table name="page_text">
         <column name="next_page">
            <foreignKey table="page_text" column="entry"/>
         </column>
      </table>

      <table name="pet_levelstats">
         <column name="creature_entry">
            <foreignKey table="creature_template" column="entry"/>
         </column>
      </table>

      <table name="pickpocketing_loot_template">
         <column name="entry">
            <foreignKey table="creature_template" column="pickpocketloot"/>
         </column>
         <column name="item">
            <foreignKey table="item_template" column="entry"/>
         </column>
      </table>

      <table name="playercreateinfo">
         <column name="map">
            <foreignKey table="maps_dbc" column="id"/>
         </column>
         <column name="zone">
            <foreignKey table="areatable_dbc" column="id"/>
         </column>
      </table>

      <table name="playercreateinfo_item">
         <column name="itemid">
            <foreignKey table="item_template" column="entry"/>
         </column>
      </table>

      <table name="playercreateinfo_spell">
         <column name="spell">
            <foreignKey table="spell_dbc" column="id"/>
         </column>
      </table>

      <table name="pool_creature">
         <column name="guid">
            <foreignKey table="creature" column="guid"/>
         </column>
         <column name="pool_entry">
            <foreignKey table="pool_template" column="entry"/>
         </column>
      </table>

      <table name="pool_gameobject">
         <column name="guid">
            <foreignKey table="gameobject" column="guid"/>
         </column>
         <column name="pool_entry">
            <foreignKey table="pool_template" column="entry"/>
         </column>
      </table>

      <table name="prospecting_loot_template">
         <column name="entry">
            <foreignKey table="item_template" column="entry"/>
         </column>
         <column name="item">
            <foreignKey table="item_template" column="entry"/>
         </column>
      </table>

      <table name="quest_poi">
         <!-- not sure about this one -->
         <column name="poiId">
            <foreignKey table="points_of_interest" column="entry"/>
         </column>
         <column name="mapId">
            <foreignKey table="maps_dbc" column="id"/>
         </column>
         <column name="mapAreaId">
            <foreignKey table="areatable_dbc" column="id"/>
         </column>
      </table>

      <table name="reference_loot_template">
         <column name="mincountOrRef">
            <foreignKey table="reference_loot_template" column="entry"/>
         </column>
         <column name="item">
            <foreignKey table="item_template" column="entry"/>
         </column>
      </table>

      <table name="reputation_reward_rate">
         <column name="faction">
            <foreignKey table="faction_dbc" column="id"/>
         </column>
      </table>

      <table name="reputation_spillover_template">
         <column name="faction">
            <foreignKey table="faction_dbc" column="id"/>
         </column>
         <column name="faction1">
            <foreignKey table="faction_dbc" column="id"/>
         </column>
         <column name="faction2">
            <foreignKey table="faction_dbc" column="id"/>
         </column>
         <column name="faction3">
            <foreignKey table="faction_dbc" column="id"/>
         </column>
         <column name="faction4">
            <foreignKey table="faction_dbc" column="id"/>
         </column>
      </table>

      <table name="scripted_areatrigger">
         <column name="entry">
            <foreignKey table="areatrigger_dbc" column="id"/>
         </column>
      </table>

      <table name="skill_discovery_template">
         <column name="spellId">
            <foreignKey table="spell_dbc" column="id"/>
         </column>
         <column name="reqSpell">
            <foreignKey table="spell_dbc" column="id"/>
         </column>
      </table>

      <table name="skill_extra_item_template">
         <column name="spellId">
            <foreignKey table="spell_dbc" column="id"/>
         </column>
         <column name="requiredSpecialization">
            <foreignKey table="spell_dbc" column="id"/>
         </column>
      </table>

      <table name="skill_fishing_base_level">
         <column name="entry">
            <foreignKey table="areatable_dbc" column="id"/>
         </column>
      </table>

      <table name="skinning_loot_template">
         <column name="entry">
            <foreignKey table="creature_template" column="skinloot"/>
         </column>
         <column name="item">
            <foreignKey table="item_template" column="entry"/>
         </column>
      </table>

      <table name="spell_affect">
         <column name="entry">
            <foreignKey table="spell_dbc" column="id"/>
         </column>
      </table>

      <table name="spell_area">
         <column name="spell">
            <foreignKey table="spell_dbc" column="id"/>
         </column>
         <column name="area">
            <foreignKey table="areatable_dbc" column="id"/>
         </column>
         <column name="quest_start">
            <foreignKey table="quest_template" column="entry"/>
         </column>
         <column name="quest_end">
            <foreignKey table="quest_template" column="entry"/>
         </column>
      </table>

      <table name="spell_chain">
         <column name="spell_id">
            <foreignKey table="spell_dbc" column="id"/>
         </column>
         <column name="prev_spell">
            <foreignKey table="spell_dbc" column="id"/>
         </column>
         <column name="first_spell">
            <foreignKey table="spell_dbc" column="id"/>
         </column>
      </table>

      <table name="spell_elixir">
         <column name="entry">
            <foreignKey table="spell_dbc" column="id"/>
         </column>
      </table>

      <table name="spell_learn_spell">
         <column name="entry">
            <foreignKey table="spell_dbc" column="id"/>
         </column>
         <column name="spellID">
            <foreignKey table="spell_dbc" column="id"/>
         </column>
      </table>

      <table name="spell_loot_template">
         <column name="entry">
            <foreignKey table="spell_dbc" column="id"/>
         </column>
         <column name="item">
            <foreignKey table="item_template" column="entry"/>
         </column>
      </table>

      <table name="spell_pet_auras">
         <column name="spell">
            <foreignKey table="spell_dbc" column="id"/>
         </column>
      </table>

      <table name="spell_proc_event">
         <column name="entry">
            <foreignKey table="spell_dbc" column="id"/>
         </column>
      </table>

      <table name="spell_script_target">
         <column name="entry">
            <foreignKey table="spell_dbc" column="id"/>
         </column>
      </table>

      <table name="spell_scripts">
         <column name="id">
            <foreignKey table="spell_dbc" column="id"/>
         </column>
      </table>

      <table name="spell_teleport">
         <column name="id">
            <foreignKey table="spell_dbc" column="id"/>
         </column>
         <column name="target_map">
            <foreignKey table="maps_dbc" column="id"/>
         </column>
      </table>

      <table name="spell_threat">
         <column name="entry">
            <foreignKey table="spell_dbc" column="id"/>
         </column>
      </table>

      <table name="transports">
         <column name="entry">
            <foreignKey table="gameobject_template" column="entry"/>
         </column>
      </table>

      <!-- logical tables that represent .dbc files -->

      <table name="achievements_dbc" comments="Logical representation of the Achievements.dbc file">
         <column name="id" primaryKey="true" type="int unsigned">
         </column>
      </table>

      <table name="areatable_dbc" comments="Logical representation of the AreaTable.dbc file">
         <column name="id" primaryKey="true" type="int unsigned">
         </column>
      </table>

      <table name="areatrigger_dbc" comments="Logical representation of the AreaTrigger.dbc file">
         <column name="id" primaryKey="true" type="int unsigned">
         </column>
      </table>

      <table name="chartitles_dbc" comments="Logical representation of the CharTitles.dbc file">
         <column name="id" primaryKey="true" type="int unsigned">
         </column>
      </table>

      <table name="creaturedisplayinfo_dbc" comments="Logical representation of the CreatureDisplayInfo.dbc file">
         <column name="id" primaryKey="true" type="int unsigned">
         </column>
      </table>

      <table name="faction_dbc" comments="Logical representation of the Faction.dbc file">
         <column name="id" primaryKey="true" type="int unsigned">
         </column>
      </table>

      <table name="factiontemplate_dbc" comments="Logical representation of the FactionTemplate.dbc file">
         <column name="id" primaryKey="true" type="int unsigned">
         </column>
      </table>

      <table name="gemproperties_dbc" comments="Logical representation of the GemProperties.dbc file">
         <column name="id" primaryKey="true" type="int unsigned">
         </column>
      </table>

      <table name="item_dbc" comments="Logical representation of the Item.dbc file">
         <column name="id" primaryKey="true" type="int unsigned">
         </column>
      </table>

      <table name="itemset_dbc" comments="Logical representation of the ItemSet.dbc file">
         <column name="id" primaryKey="true" type="int unsigned">
         </column>
      </table>

      <table name="languages_dbc" comments="Logical representation of the Languages.dbc file">
         <column name="id" primaryKey="true" type="int unsigned">
         </column>
      </table>

      <table name="maps_dbc" comments="Logical representation of the Maps.dbc file">
         <column name="id" primaryKey="true" type="int unsigned">
         </column>
      </table>

      <table name="spell_dbc" comments="Logical representation of the Spell.dbc file">
         <column name="id" primaryKey="true" type="int unsigned">
         </column>
      </table>

      <table name="worldsafelocs_dbc" comments="Logical representation of the WorldSafeLocs.dbc file">
         <column name="id" primaryKey="true" type="int unsigned">
         </column>
      </table>

      <!-- Tables in other schemas -->

      <table remoteCatalog="characters" name="auctionhouse">
         <column name="auctioneerguid">
            <foreignKey table="creature" column="guid"/>
         </column>
         <column name="item_template">
            <foreignKey table="item_template" column="entry"/>
         </column>
      </table>

      <table remoteCatalog="characters" name="character_aura">
         <column name="spell">
            <foreignKey table="spell_dbc" column="id"/>
         </column>
      </table>

      <table remoteCatalog="characters" name="character_gifts">
         <column name="entry">
            <foreignKey table="item_template" column="entry"/>
         </column>
      </table>

      <table remoteCatalog="characters" name="character_inventory">
         <column name="item_template">
            <foreignKey table="item_template" column="entry"/>
         </column>
      </table>

      <table remoteCatalog="characters" name="character_pet">
         <column name="entry">
            <foreignKey table="creature_template" column="entry"/>
         </column>
      </table>

      <table remoteCatalog="characters" name="character_queststatus">
         <column name="quest">
            <foreignKey table="quest_template" column="entry"/>
         </column>
      </table>

      <table remoteCatalog="characters" name="character_queststatus_daily">
         <column name="quest">
            <foreignKey table="quest_template" column="entry"/>
         </column>
      </table>

      <table remoteCatalog="characters" name="character_spell">
         <column name="spell">
            <foreignKey table="spell_dbc" column="id"/>
         </column>
      </table>

      <table remoteCatalog="characters" name="character_spell_cooldown">
         <column name="spell">
            <foreignKey table="spell_dbc" column="id"/>
         </column>
         <column name="item" >
            <foreignKey table="item_template" column="entry"/>
         </column>
      </table>

      <table remoteCatalog="characters" name="guild_bank_item">
         <column name="item_entry">
            <foreignKey table="item_template" column="entry"/>
         </column>
      </table>

      <table remoteCatalog="characters" name="mail_items">
         <column name="item_template">
            <foreignKey table="item_template" column="entry"/>
         </column>
      </table>

      <table remoteCatalog="characters" name="pet_aura">
         <column name="spell">
            <foreignKey table="spell_dbc" column="id"/>
         </column>
      </table>

      <table remoteCatalog="characters" name="pet_spell">
         <column name="spell">
            <foreignKey table="spell_dbc" column="id"/>
         </column>
      </table>

      <table remoteCatalog="characters" name="pet_spell_cooldown">
         <column name="spell">
            <foreignKey table="spell_dbc" column="id"/>
         </column>
      </table>

   </tables>
</schemaMeta>