<?xml version="1.0" encoding="UTF-8"?>
<schemaMeta xmlns:xsi="http://www.w3.org/2001/XMLSchema-instance"
            xsi:noNamespaceSchemaLocation="http://schemaspy.sourceforge.net/xmlschema/2011/02/05/schemaspy.meta.xsd">
   <comments>
      UnifiedDB Login Database
   </comments>
	<tables>
      <table name="account_banned">
         <column name="id">
            <foreignKey table="account" column="id"/>
         </column>
      </table>

      <table name="realmcharacters">
         <column name="realmid">
            <foreignKey table="realmlist" column="id"/>
         </column>
         <column name="acctid">
            <foreignKey table="account" column="id"/>
         </column>
      </table>

      <table name="uptime">
         <column name="realmid">
            <foreignKey table="realmlist" column="id"/>
         </column>
      </table>

      <!-- tables in other schemas: -->

      <table remoteCatalog="characters" name="account_data">
         <column name="account">
            <foreignKey table="account" column="id"/>
         </column>
      </table>

      <table remoteCatalog="characters" name="characters">
         <column name="account">
            <foreignKey table="account" column="id"/>
         </column>
      </table>

      <table remoteCatalog="characters" name="character_tutorial">
         <column name="account">
            <foreignKey table="account" column="id"/>
         </column>
         <column name="realmid">
            <foreignKey table="realmlist" column="id"/>
         </column>
      </table>

      <table remoteCatalog="characters" name="petition_sign">
         <column name="player_account">
            <foreignKey table="account" column="id"/>
         </column>
      </table>
   </tables>
</schemaMeta>
