<?xml version="1.0" encoding="UTF-8"?>
<database name="realmd" type="MySQL - 5.5.9">
   <tables>
      <table catalog="realmd" name="account" numRows="4" remarks="Account System" type="TABLE">
         <column autoUpdated="true" digits="0" id="0" name="id" nullable="false" remarks="Identifier" size="20" type="BIGINT UNSIGNED">
            <child column="account" foreignKey="Defined in XML" implied="false" onDeleteCascade="false" table="account_data"/>
            <child column="account" foreignKey="Defined in XML" implied="false" onDeleteCascade="false" table="character_tutorial"/>
            <child column="account" foreignKey="Defined in XML" implied="false" onDeleteCascade="false" table="characters"/>
            <child column="player_account" foreignKey="Defined in XML" implied="false" onDeleteCascade="false" table="petition_sign"/>
            <child column="id" foreignKey="Defined in XML" implied="false" onDeleteCascade="false" table="account_banned"/>
            <child column="acctid" foreignKey="Defined in XML" implied="false" onDeleteCascade="false" table="realmcharacters"/>
         </column>
         <column autoUpdated="false" defaultValue="" digits="0" id="1" name="username" nullable="false" remarks="" size="32" type="VARCHAR"/>
         <column autoUpdated="false" defaultValue="" digits="0" id="2" name="sha_pass_hash" nullable="false" remarks="" size="40" type="VARCHAR"/>
         <column autoUpdated="false" defaultValue="0" digits="0" id="3" name="gmlevel" nullable="false" remarks="" size="3" type="TINYINT UNSIGNED"/>
         <column autoUpdated="false" digits="0" id="4" name="sessionkey" nullable="true" remarks="" size="2147483647" type="LONGTEXT"/>
         <column autoUpdated="false" digits="0" id="5" name="v" nullable="true" remarks="" size="2147483647" type="LONGTEXT"/>
         <column autoUpdated="false" digits="0" id="6" name="s" nullable="true" remarks="" size="2147483647" type="LONGTEXT"/>
         <column autoUpdated="false" digits="0" id="7" name="email" nullable="true" remarks="" size="65535" type="TEXT"/>
         <column autoUpdated="false" defaultValue="CURRENT_TIMESTAMP" digits="0" id="8" name="joindate" nullable="false" remarks="" size="19" type="TIMESTAMP"/>
         <column autoUpdated="false" defaultValue="127.0.0.1" digits="0" id="9" name="last_ip" nullable="false" remarks="" size="30" type="VARCHAR"/>
         <column autoUpdated="false" defaultValue="0" digits="0" id="10" name="failed_logins" nullable="false" remarks="" size="10" type="INT UNSIGNED"/>
         <column autoUpdated="false" defaultValue="0" digits="0" id="11" name="locked" nullable="false" remarks="" size="3" type="TINYINT UNSIGNED"/>
         <column autoUpdated="false" defaultValue="0000-00-00 00:00:00" digits="0" id="12" name="last_login" nullable="false" remarks="" size="19" type="TIMESTAMP"/>
         <column autoUpdated="false" defaultValue="0" digits="0" id="13" name="online" nullable="false" remarks="" size="3" type="TINYINT"/>
         <column autoUpdated="false" defaultValue="0" digits="0" id="14" name="expansion" nullable="false" remarks="" size="3" type="TINYINT UNSIGNED"/>
         <column autoUpdated="false" defaultValue="0" digits="0" id="15" name="mutetime" nullable="false" remarks="" size="20" type="BIGINT UNSIGNED"/>
         <column autoUpdated="false" defaultValue="0" digits="0" id="16" name="locale" nullable="false" remarks="" size="3" type="TINYINT UNSIGNED"/>
         <primaryKey column="id" sequenceNumberInPK="1"/>
         <index name="PRIMARY" unique="true">
            <column ascending="true" name="id"/>
         </index>
         <index name="idx_gmlevel" unique="false">
            <column ascending="true" name="gmlevel"/>
         </index>
         <index name="idx_username" unique="true">
            <column ascending="true" name="username"/>
         </index>
      </table>
      <table catalog="realmd" name="account_banned" numRows="0" remarks="Ban List" type="TABLE">
         <column autoUpdated="false" defaultValue="0" digits="0" id="0" name="id" nullable="false" remarks="Account id" size="10" type="INT">
            <parent column="id" foreignKey="Defined in XML" implied="false" onDeleteCascade="false" table="account"/>
         </column>
         <column autoUpdated="false" defaultValue="0" digits="0" id="1" name="bandate" nullable="false" remarks="" size="19" type="BIGINT"/>
         <column autoUpdated="false" defaultValue="0" digits="0" id="2" name="unbandate" nullable="false" remarks="" size="19" type="BIGINT"/>
         <column autoUpdated="false" digits="0" id="3" name="bannedby" nullable="false" remarks="" size="50" type="VARCHAR"/>
         <column autoUpdated="false" digits="0" id="4" name="banreason" nullable="false" remarks="" size="255" type="VARCHAR"/>
         <column autoUpdated="false" defaultValue="1" digits="0" id="5" name="active" nullable="false" remarks="" size="3" type="TINYINT"/>
         <primaryKey column="bandate" sequenceNumberInPK="1"/>
         <primaryKey column="id" sequenceNumberInPK="2"/>
         <index name="PRIMARY" unique="true">
            <column ascending="true" name="id"/>
            <column ascending="true" name="bandate"/>
         </index>
      </table>
      <table catalog="realmd" name="ip_banned" numRows="0" remarks="Banned IPs" type="TABLE">
         <column autoUpdated="false" defaultValue="127.0.0.1" digits="0" id="0" name="ip" nullable="false" remarks="" size="32" type="VARCHAR"/>
         <column autoUpdated="false" digits="0" id="1" name="bandate" nullable="false" remarks="" size="19" type="BIGINT"/>
         <column autoUpdated="false" digits="0" id="2" name="unbandate" nullable="false" remarks="" size="19" type="BIGINT"/>
         <column autoUpdated="false" defaultValue="[Console]" digits="0" id="3" name="bannedby" nullable="false" remarks="" size="50" type="VARCHAR"/>
         <column autoUpdated="false" defaultValue="no reason" digits="0" id="4" name="banreason" nullable="false" remarks="" size="255" type="VARCHAR"/>
         <primaryKey column="bandate" sequenceNumberInPK="1"/>
         <primaryKey column="ip" sequenceNumberInPK="2"/>
         <index name="PRIMARY" unique="true">
            <column ascending="true" name="ip"/>
            <column ascending="true" name="bandate"/>
         </index>
      </table>
      <table catalog="realmd" name="realmcharacters" numRows="0" remarks="Realm Character Tracker" type="TABLE">
         <column autoUpdated="false" defaultValue="0" digits="0" id="0" name="realmid" nullable="false" remarks="" size="10" type="INT UNSIGNED">
            <parent column="id" foreignKey="Defined in XML" implied="false" onDeleteCascade="false" table="realmlist"/>
         </column>
         <column autoUpdated="false" digits="0" id="1" name="acctid" nullable="false" remarks="" size="20" type="BIGINT UNSIGNED">
            <parent column="id" foreignKey="Defined in XML" implied="false" onDeleteCascade="false" table="account"/>
         </column>
         <column autoUpdated="false" defaultValue="0" digits="0" id="2" name="numchars" nullable="false" remarks="" size="3" type="TINYINT UNSIGNED"/>
         <primaryKey column="acctid" sequenceNumberInPK="1"/>
         <primaryKey column="realmid" sequenceNumberInPK="2"/>
         <index name="PRIMARY" unique="true">
            <column ascending="true" name="realmid"/>
            <column ascending="true" name="acctid"/>
         </index>
      </table>
      <table catalog="realmd" name="realmd_db_version" numRows="1" remarks="Last applied sql update to DB" type="TABLE">
         <column autoUpdated="false" digits="0" id="0" name="required_7546_02_realmd_uptime" nullable="true" remarks="" size="1" type="BIT"/>
      </table>
      <table catalog="realmd" name="realmlist" numRows="1" remarks="Realm System" type="TABLE">
         <column autoUpdated="true" digits="0" id="0" name="id" nullable="false" remarks="" size="10" type="INT UNSIGNED">
            <child column="realmid" foreignKey="Defined in XML" implied="false" onDeleteCascade="false" table="character_tutorial"/>
            <child column="realmid" foreignKey="Defined in XML" implied="false" onDeleteCascade="false" table="realmcharacters"/>
            <child column="realmid" foreignKey="Defined in XML" implied="false" onDeleteCascade="false" table="uptime"/>
         </column>
         <column autoUpdated="false" defaultValue="" digits="0" id="1" name="name" nullable="false" remarks="" size="32" type="VARCHAR"/>
         <column autoUpdated="false" defaultValue="127.0.0.1" digits="0" id="2" name="address" nullable="false" remarks="" size="32" type="VARCHAR"/>
         <column autoUpdated="false" defaultValue="8085" digits="0" id="3" name="port" nullable="false" remarks="" size="10" type="INT"/>
         <column autoUpdated="false" defaultValue="0" digits="0" id="4" name="icon" nullable="false" remarks="" size="3" type="TINYINT UNSIGNED"/>
         <column autoUpdated="false" defaultValue="2" digits="0" id="5" name="color" nullable="false" remarks="" size="3" type="TINYINT UNSIGNED"/>
         <column autoUpdated="false" defaultValue="0" digits="0" id="6" name="timezone" nullable="false" remarks="" size="3" type="TINYINT UNSIGNED"/>
         <column autoUpdated="false" defaultValue="0" digits="0" id="7" name="allowedSecurityLevel" nullable="false" remarks="" size="3" type="TINYINT UNSIGNED"/>
         <column autoUpdated="false" defaultValue="0" digits="0" id="8" name="population" nullable="false" remarks="" size="12" type="FLOAT UNSIGNED"/>
         <primaryKey column="id" sequenceNumberInPK="1"/>
         <index name="PRIMARY" unique="true">
            <column ascending="true" name="id"/>
         </index>
         <index name="idx_name" unique="true">
            <column ascending="true" name="name"/>
         </index>
      </table>
      <table catalog="realmd" name="uptime" numRows="0" remarks="Uptime system" type="TABLE">
         <column autoUpdated="false" digits="0" id="0" name="realmid" nullable="false" remarks="" size="10" type="INT UNSIGNED">
            <parent column="id" foreignKey="Defined in XML" implied="false" onDeleteCascade="false" table="realmlist"/>
         </column>
         <column autoUpdated="false" defaultValue="0" digits="0" id="1" name="starttime" nullable="false" remarks="" size="20" type="BIGINT UNSIGNED"/>
         <column autoUpdated="false" defaultValue="" digits="0" id="2" name="startstring" nullable="false" remarks="" size="64" type="VARCHAR"/>
         <column autoUpdated="false" defaultValue="0" digits="0" id="3" name="uptime" nullable="false" remarks="" size="20" type="BIGINT UNSIGNED"/>
         <column autoUpdated="false" defaultValue="0" digits="0" id="4" name="maxplayers" nullable="false" remarks="" size="5" type="SMALLINT UNSIGNED"/>
         <primaryKey column="realmid" sequenceNumberInPK="1"/>
         <primaryKey column="starttime" sequenceNumberInPK="2"/>
         <index name="PRIMARY" unique="true">
            <column ascending="true" name="realmid"/>
            <column ascending="true" name="starttime"/>
         </index>
      </table>
   </tables>
</database>
