<?xml version="1.0" encoding="UTF-8"?>
<database name="characters" type="MySQL - 5.5.9">
   <tables>
      <table catalog="characters" name="account_data" numRows="0" remarks="" type="TABLE">
         <column autoUpdated="false" defaultValue="0" digits="0" id="0" name="account" nullable="false" remarks="" size="10" type="INT UNSIGNED">
            <parent column="id" foreignKey="Defined in XML" implied="false" onDeleteCascade="false" table="account"/>
         </column>
         <column autoUpdated="false" defaultValue="0" digits="0" id="1" name="type" nullable="false" remarks="" size="10" type="INT UNSIGNED"/>
         <column autoUpdated="false" defaultValue="0" digits="0" id="2" name="time" nullable="false" remarks="" size="20" type="BIGINT UNSIGNED"/>
         <column autoUpdated="false" digits="0" id="3" name="data" nullable="false" remarks="" size="2147483647" type="LONGTEXT"/>
         <primaryKey column="account" sequenceNumberInPK="1"/>
         <primaryKey column="type" sequenceNumberInPK="2"/>
         <index name="PRIMARY" unique="true">
            <column ascending="true" name="account"/>
            <column ascending="true" name="type"/>
         </index>
      </table>
      <table catalog="characters" name="arena_team" numRows="0" remarks="" type="TABLE">
         <column autoUpdated="false" defaultValue="0" digits="0" id="0" name="arenateamid" nullable="false" remarks="" size="10" type="INT UNSIGNED">
            <child column="arenateamid" foreignKey="Defined in XML" implied="false" onDeleteCascade="false" table="arena_team_member"/>
            <child column="arenateamid" foreignKey="Defined in XML" implied="false" onDeleteCascade="false" table="arena_team_stats"/>
         </column>
         <column autoUpdated="false" digits="0" id="1" name="name" nullable="false" remarks="" size="255" type="CHAR"/>
         <column autoUpdated="false" defaultValue="0" digits="0" id="2" name="captainguid" nullable="false" remarks="" size="10" type="INT UNSIGNED">
            <parent column="guid" foreignKey="Defined in XML" implied="false" onDeleteCascade="false" table="characters"/>
         </column>
         <column autoUpdated="false" defaultValue="0" digits="0" id="3" name="type" nullable="false" remarks="" size="3" type="TINYINT UNSIGNED"/>
         <column autoUpdated="false" defaultValue="0" digits="0" id="4" name="BackgroundColor" nullable="false" remarks="" size="10" type="INT UNSIGNED"/>
         <column autoUpdated="false" defaultValue="0" digits="0" id="5" name="EmblemStyle" nullable="false" remarks="" size="10" type="INT UNSIGNED"/>
         <column autoUpdated="false" defaultValue="0" digits="0" id="6" name="EmblemColor" nullable="false" remarks="" size="10" type="INT UNSIGNED"/>
         <column autoUpdated="false" defaultValue="0" digits="0" id="7" name="BorderStyle" nullable="false" remarks="" size="10" type="INT UNSIGNED"/>
         <column autoUpdated="false" defaultValue="0" digits="0" id="8" name="BorderColor" nullable="false" remarks="" size="10" type="INT UNSIGNED"/>
         <primaryKey column="arenateamid" sequenceNumberInPK="1"/>
         <index name="PRIMARY" unique="true">
            <column ascending="true" name="arenateamid"/>
         </index>
      </table>
      <table catalog="characters" name="arena_team_member" numRows="0" remarks="" type="TABLE">
         <column autoUpdated="false" defaultValue="0" digits="0" id="0" name="arenateamid" nullable="false" remarks="" size="10" type="INT UNSIGNED">
            <parent column="arenateamid" foreignKey="Defined in XML" implied="false" onDeleteCascade="false" table="arena_team"/>
         </column>
         <column autoUpdated="false" defaultValue="0" digits="0" id="1" name="guid" nullable="false" remarks="" size="10" type="INT UNSIGNED">
            <parent column="guid" foreignKey="Defined in XML" implied="false" onDeleteCascade="false" table="characters"/>
         </column>
         <column autoUpdated="false" defaultValue="0" digits="0" id="2" name="played_week" nullable="false" remarks="" size="10" type="INT UNSIGNED"/>
         <column autoUpdated="false" defaultValue="0" digits="0" id="3" name="wons_week" nullable="false" remarks="" size="10" type="INT UNSIGNED"/>
         <column autoUpdated="false" defaultValue="0" digits="0" id="4" name="played_season" nullable="false" remarks="" size="10" type="INT UNSIGNED"/>
         <column autoUpdated="false" defaultValue="0" digits="0" id="5" name="wons_season" nullable="false" remarks="" size="10" type="INT UNSIGNED"/>
         <column autoUpdated="false" defaultValue="0" digits="0" id="6" name="personal_rating" nullable="false" remarks="" size="10" type="INT UNSIGNED"/>
         <primaryKey column="arenateamid" sequenceNumberInPK="1"/>
         <primaryKey column="guid" sequenceNumberInPK="2"/>
         <index name="PRIMARY" unique="true">
            <column ascending="true" name="arenateamid"/>
            <column ascending="true" name="guid"/>
         </index>
      </table>
      <table catalog="characters" name="arena_team_stats" numRows="0" remarks="" type="TABLE">
         <column autoUpdated="false" defaultValue="0" digits="0" id="0" name="arenateamid" nullable="false" remarks="" size="10" type="INT UNSIGNED">
            <parent column="arenateamid" foreignKey="Defined in XML" implied="false" onDeleteCascade="false" table="arena_team"/>
         </column>
         <column autoUpdated="false" defaultValue="0" digits="0" id="1" name="rating" nullable="false" remarks="" size="10" type="INT UNSIGNED"/>
         <column autoUpdated="false" defaultValue="0" digits="0" id="2" name="games" nullable="false" remarks="" size="10" type="INT UNSIGNED"/>
         <column autoUpdated="false" defaultValue="0" digits="0" id="3" name="wins" nullable="false" remarks="" size="10" type="INT UNSIGNED"/>
         <column autoUpdated="false" defaultValue="0" digits="0" id="4" name="played" nullable="false" remarks="" size="10" type="INT UNSIGNED"/>
         <column autoUpdated="false" defaultValue="0" digits="0" id="5" name="wins2" nullable="false" remarks="" size="10" type="INT UNSIGNED"/>
         <column autoUpdated="false" defaultValue="0" digits="0" id="6" name="rank" nullable="false" remarks="" size="10" type="INT UNSIGNED"/>
         <primaryKey column="arenateamid" sequenceNumberInPK="1"/>
         <index name="PRIMARY" unique="true">
            <column ascending="true" name="arenateamid"/>
         </index>
      </table>
      <table catalog="characters" name="auctionhouse" numRows="0" remarks="" type="TABLE">
         <column autoUpdated="false" defaultValue="0" digits="0" id="0" name="id" nullable="false" remarks="" size="10" type="INT UNSIGNED"/>
         <column autoUpdated="false" defaultValue="0" digits="0" id="1" name="auctioneerguid" nullable="false" remarks="" size="10" type="INT UNSIGNED">
            <parent column="guid" foreignKey="Defined in XML" implied="false" onDeleteCascade="false" table="creature"/>
         </column>
         <column autoUpdated="false" defaultValue="0" digits="0" id="2" name="itemguid" nullable="false" remarks="" size="10" type="INT UNSIGNED">
            <parent column="guid" foreignKey="Defined in XML" implied="false" onDeleteCascade="false" table="item_instance"/>
         </column>
         <column autoUpdated="false" defaultValue="0" digits="0" id="3" name="item_template" nullable="false" remarks="Item Identifier" size="10" type="INT UNSIGNED">
            <parent column="entry" foreignKey="Defined in XML" implied="false" onDeleteCascade="false" table="item_template"/>
         </column>
         <column autoUpdated="false" defaultValue="0" digits="0" id="4" name="itemowner" nullable="false" remarks="" size="10" type="INT UNSIGNED">
            <parent column="guid" foreignKey="Defined in XML" implied="false" onDeleteCascade="false" table="characters"/>
         </column>
         <column autoUpdated="false" defaultValue="0" digits="0" id="5" name="buyoutprice" nullable="false" remarks="" size="10" type="INT"/>
         <column autoUpdated="false" defaultValue="0" digits="0" id="6" name="time" nullable="false" remarks="" size="19" type="BIGINT"/>
         <column autoUpdated="false" defaultValue="0" digits="0" id="7" name="buyguid" nullable="false" remarks="" size="10" type="INT UNSIGNED">
            <parent column="guid" foreignKey="Defined in XML" implied="false" onDeleteCascade="false" table="characters"/>
         </column>
         <column autoUpdated="false" defaultValue="0" digits="0" id="8" name="lastbid" nullable="false" remarks="" size="10" type="INT"/>
         <column autoUpdated="false" defaultValue="0" digits="0" id="9" name="startbid" nullable="false" remarks="" size="10" type="INT"/>
         <column autoUpdated="false" defaultValue="0" digits="0" id="10" name="deposit" nullable="false" remarks="" size="10" type="INT"/>
         <primaryKey column="id" sequenceNumberInPK="1"/>
         <index name="PRIMARY" unique="true">
            <column ascending="true" name="id"/>
         </index>
         <index name="item_guid" unique="true">
            <column ascending="true" name="itemguid"/>
         </index>
      </table>
      <table catalog="characters" name="bugreport" numRows="0" remarks="Debug System" type="TABLE">
         <column autoUpdated="true" digits="0" id="0" name="id" nullable="false" remarks="Identifier" size="10" type="INT"/>
         <column autoUpdated="false" defaultValue="" digits="0" id="1" name="type" nullable="false" remarks="" size="255" type="VARCHAR"/>
         <column autoUpdated="false" defaultValue="" digits="0" id="2" name="content" nullable="false" remarks="" size="255" type="VARCHAR"/>
         <primaryKey column="id" sequenceNumberInPK="1"/>
         <index name="PRIMARY" unique="true">
            <column ascending="true" name="id"/>
         </index>
      </table>
      <table catalog="characters" name="character_achievement" numRows="0" remarks="" type="TABLE">
         <column autoUpdated="false" digits="0" id="0" name="guid" nullable="false" remarks="" size="10" type="INT">
            <parent column="guid" foreignKey="Defined in XML" implied="false" onDeleteCascade="false" table="characters"/>
         </column>
         <column autoUpdated="false" digits="0" id="1" name="achievement" nullable="false" remarks="" size="10" type="INT"/>
         <column autoUpdated="false" digits="0" id="2" name="date" nullable="false" remarks="" size="10" type="INT"/>
         <primaryKey column="achievement" sequenceNumberInPK="1"/>
         <primaryKey column="guid" sequenceNumberInPK="2"/>
         <index name="PRIMARY" unique="true">
            <column ascending="true" name="guid"/>
            <column ascending="true" name="achievement"/>
         </index>
      </table>
      <table catalog="characters" name="character_achievement_progress" numRows="0" remarks="" type="TABLE">
         <column autoUpdated="false" digits="0" id="0" name="guid" nullable="false" remarks="" size="10" type="INT">
            <parent column="guid" foreignKey="Defined in XML" implied="false" onDeleteCascade="false" table="characters"/>
         </column>
         <column autoUpdated="false" digits="0" id="1" name="criteria" nullable="false" remarks="" size="10" type="INT"/>
         <column autoUpdated="false" digits="0" id="2" name="counter" nullable="false" remarks="" size="10" type="INT"/>
         <column autoUpdated="false" digits="0" id="3" name="date" nullable="false" remarks="" size="10" type="INT"/>
         <primaryKey column="criteria" sequenceNumberInPK="1"/>
         <primaryKey column="guid" sequenceNumberInPK="2"/>
         <index name="PRIMARY" unique="true">
            <column ascending="true" name="guid"/>
            <column ascending="true" name="criteria"/>
         </index>
      </table>
      <table catalog="characters" name="character_action" numRows="0" remarks="Player System" type="TABLE">
         <column autoUpdated="false" defaultValue="0" digits="0" id="0" name="guid" nullable="false" remarks="Global Unique Identifier" size="10" type="INT UNSIGNED">
            <parent column="guid" foreignKey="Defined in XML" implied="false" onDeleteCascade="false" table="characters"/>
         </column>
         <column autoUpdated="false" defaultValue="0" digits="0" id="1" name="button" nullable="false" remarks="" size="3" type="TINYINT UNSIGNED"/>
         <column autoUpdated="false" defaultValue="0" digits="0" id="2" name="action" nullable="false" remarks="" size="5" type="SMALLINT UNSIGNED"/>
         <column autoUpdated="false" defaultValue="0" digits="0" id="3" name="type" nullable="false" remarks="" size="3" type="TINYINT UNSIGNED"/>
         <column autoUpdated="false" defaultValue="0" digits="0" id="4" name="misc" nullable="false" remarks="" size="3" type="TINYINT UNSIGNED"/>
         <primaryKey column="button" sequenceNumberInPK="1"/>
         <primaryKey column="guid" sequenceNumberInPK="2"/>
         <index name="PRIMARY" unique="true">
            <column ascending="true" name="guid"/>
            <column ascending="true" name="button"/>
         </index>
      </table>
      <table catalog="characters" name="character_aura" numRows="0" remarks="Player System" type="TABLE">
         <column autoUpdated="false" defaultValue="0" digits="0" id="0" name="guid" nullable="false" remarks="Global Unique Identifier" size="10" type="INT UNSIGNED">
            <parent column="guid" foreignKey="Defined in XML" implied="false" onDeleteCascade="false" table="characters"/>
         </column>
         <column autoUpdated="false" defaultValue="0" digits="0" id="1" name="caster_guid" nullable="false" remarks="Full Global Unique Identifier" size="20" type="BIGINT UNSIGNED">
            <parent column="guid" foreignKey="Defined in XML" implied="false" onDeleteCascade="false" table="characters"/>
         </column>
         <column autoUpdated="false" defaultValue="0" digits="0" id="2" name="spell" nullable="false" remarks="" size="10" type="INT UNSIGNED">
            <parent column="id" foreignKey="Defined in XML" implied="false" onDeleteCascade="false" table="spell_dbc"/>
         </column>
         <column autoUpdated="false" defaultValue="0" digits="0" id="3" name="effect_index" nullable="false" remarks="" size="10" type="INT UNSIGNED"/>
         <column autoUpdated="false" defaultValue="1" digits="0" id="4" name="stackcount" nullable="false" remarks="" size="10" type="INT"/>
         <column autoUpdated="false" defaultValue="0" digits="0" id="5" name="amount" nullable="false" remarks="" size="10" type="INT"/>
         <column autoUpdated="false" defaultValue="0" digits="0" id="6" name="maxduration" nullable="false" remarks="" size="10" type="INT"/>
         <column autoUpdated="false" defaultValue="0" digits="0" id="7" name="remaintime" nullable="false" remarks="" size="10" type="INT"/>
         <column autoUpdated="false" defaultValue="0" digits="0" id="8" name="remaincharges" nullable="false" remarks="" size="10" type="INT"/>
         <primaryKey column="effect_index" sequenceNumberInPK="1"/>
         <primaryKey column="guid" sequenceNumberInPK="2"/>
         <primaryKey column="spell" sequenceNumberInPK="3"/>
         <index name="PRIMARY" unique="true">
            <column ascending="true" name="guid"/>
            <column ascending="true" name="spell"/>
            <column ascending="true" name="effect_index"/>
         </index>
      </table>
      <table catalog="characters" name="character_db_version" numRows="1" remarks="Last applied sql update to DB" type="TABLE">
         <column autoUpdated="false" digits="0" id="0" name="required_7644_01_characters_character_pet" nullable="true" remarks="" size="1" type="BIT"/>
      </table>
      <table catalog="characters" name="character_declinedname" numRows="0" remarks="" type="TABLE">
         <column autoUpdated="false" defaultValue="0" digits="0" id="0" name="guid" nullable="false" remarks="Global Unique Identifier" size="10" type="INT UNSIGNED">
            <parent column="guid" foreignKey="Defined in XML" implied="false" onDeleteCascade="false" table="characters"/>
         </column>
         <column autoUpdated="false" defaultValue="" digits="0" id="1" name="genitive" nullable="false" remarks="" size="15" type="VARCHAR"/>
         <column autoUpdated="false" defaultValue="" digits="0" id="2" name="dative" nullable="false" remarks="" size="15" type="VARCHAR"/>
         <column autoUpdated="false" defaultValue="" digits="0" id="3" name="accusative" nullable="false" remarks="" size="15" type="VARCHAR"/>
         <column autoUpdated="false" defaultValue="" digits="0" id="4" name="instrumental" nullable="false" remarks="" size="15" type="VARCHAR"/>
         <column autoUpdated="false" defaultValue="" digits="0" id="5" name="prepositional" nullable="false" remarks="" size="15" type="VARCHAR"/>
         <primaryKey column="guid" sequenceNumberInPK="1"/>
         <index name="PRIMARY" unique="true">
            <column ascending="true" name="guid"/>
         </index>
      </table>
      <table catalog="characters" name="character_gifts" numRows="0" remarks="" type="TABLE">
         <column autoUpdated="false" defaultValue="0" digits="0" id="0" name="guid" nullable="false" remarks="" size="10" type="INT UNSIGNED">
            <parent column="guid" foreignKey="Defined in XML" implied="false" onDeleteCascade="false" table="characters"/>
         </column>
         <column autoUpdated="false" defaultValue="0" digits="0" id="1" name="item_guid" nullable="false" remarks="" size="10" type="INT UNSIGNED">
            <parent column="guid" foreignKey="Defined in XML" implied="false" onDeleteCascade="false" table="item_instance"/>
         </column>
         <column autoUpdated="false" defaultValue="0" digits="0" id="2" name="entry" nullable="false" remarks="" size="10" type="INT UNSIGNED">
            <parent column="entry" foreignKey="Defined in XML" implied="false" onDeleteCascade="false" table="item_template"/>
         </column>
         <column autoUpdated="false" defaultValue="0" digits="0" id="3" name="flags" nullable="false" remarks="" size="10" type="INT UNSIGNED"/>
         <primaryKey column="item_guid" sequenceNumberInPK="1"/>
         <index name="PRIMARY" unique="true">
            <column ascending="true" name="item_guid"/>
         </index>
         <index name="idx_guid" unique="false">
            <column ascending="true" name="guid"/>
         </index>
      </table>
      <table catalog="characters" name="character_homebind" numRows="0" remarks="Player System" type="TABLE">
         <column autoUpdated="false" defaultValue="0" digits="0" id="0" name="guid" nullable="false" remarks="Global Unique Identifier" size="10" type="INT UNSIGNED">
            <parent column="guid" foreignKey="Defined in XML" implied="false" onDeleteCascade="false" table="characters"/>
         </column>
         <column autoUpdated="false" defaultValue="0" digits="0" id="1" name="map" nullable="false" remarks="Map Identifier" size="10" type="INT UNSIGNED"/>
         <column autoUpdated="false" defaultValue="0" digits="0" id="2" name="zone" nullable="false" remarks="Zone Identifier" size="10" type="INT UNSIGNED"/>
         <column autoUpdated="false" defaultValue="0" digits="0" id="3" name="position_x" nullable="false" remarks="" size="12" type="FLOAT"/>
         <column autoUpdated="false" defaultValue="0" digits="0" id="4" name="position_y" nullable="false" remarks="" size="12" type="FLOAT"/>
         <column autoUpdated="false" defaultValue="0" digits="0" id="5" name="position_z" nullable="false" remarks="" size="12" type="FLOAT"/>
         <primaryKey column="guid" sequenceNumberInPK="1"/>
         <index name="PRIMARY" unique="true">
            <column ascending="true" name="guid"/>
         </index>
      </table>
      <table catalog="characters" name="character_instance" numRows="0" remarks="" type="TABLE">
         <column autoUpdated="false" defaultValue="0" digits="0" id="0" name="guid" nullable="false" remarks="" size="10" type="INT UNSIGNED">
            <parent column="guid" foreignKey="Defined in XML" implied="false" onDeleteCascade="false" table="characters"/>
         </column>
         <column autoUpdated="false" defaultValue="0" digits="0" id="1" name="instance" nullable="false" remarks="" size="10" type="INT UNSIGNED">
            <parent column="id" foreignKey="Defined in XML" implied="false" onDeleteCascade="false" table="instance"/>
         </column>
         <column autoUpdated="false" defaultValue="0" digits="0" id="2" name="permanent" nullable="false" remarks="" size="0" type="BIT"/>
         <primaryKey column="guid" sequenceNumberInPK="1"/>
         <primaryKey column="instance" sequenceNumberInPK="2"/>
         <index name="PRIMARY" unique="true">
            <column ascending="true" name="guid"/>
            <column ascending="true" name="instance"/>
         </index>
         <index name="instance" unique="false">
            <column ascending="true" name="instance"/>
         </index>
      </table>
      <table catalog="characters" name="character_inventory" numRows="0" remarks="Player System" type="TABLE">
         <column autoUpdated="false" defaultValue="0" digits="0" id="0" name="guid" nullable="false" remarks="Global Unique Identifier" size="10" type="INT UNSIGNED">
            <parent column="guid" foreignKey="Defined in XML" implied="false" onDeleteCascade="false" table="characters"/>
         </column>
         <column autoUpdated="false" defaultValue="0" digits="0" id="1" name="bag" nullable="false" remarks="" size="10" type="INT UNSIGNED">
            <parent column="guid" foreignKey="Defined in XML" implied="false" onDeleteCascade="false" table="item_instance"/>
         </column>
         <column autoUpdated="false" defaultValue="0" digits="0" id="2" name="slot" nullable="false" remarks="" size="3" type="TINYINT UNSIGNED"/>
         <column autoUpdated="false" defaultValue="0" digits="0" id="3" name="item" nullable="false" remarks="Item Global Unique Identifier" size="10" type="INT UNSIGNED">
            <parent column="guid" foreignKey="Defined in XML" implied="false" onDeleteCascade="false" table="item_instance"/>
         </column>
         <column autoUpdated="false" defaultValue="0" digits="0" id="4" name="item_template" nullable="false" remarks="Item Identifier" size="10" type="INT UNSIGNED">
            <parent column="entry" foreignKey="Defined in XML" implied="false" onDeleteCascade="false" table="item_template"/>
         </column>
         <primaryKey column="item" sequenceNumberInPK="1"/>
         <index name="PRIMARY" unique="true">
            <column ascending="true" name="item"/>
         </index>
         <index name="idx_guid" unique="false">
            <column ascending="true" name="guid"/>
         </index>
      </table>
      <table catalog="characters" name="character_pet" numRows="0" remarks="Pet System" type="TABLE">
         <column autoUpdated="false" defaultValue="0" digits="0" id="0" name="id" nullable="false" remarks="" size="10" type="INT UNSIGNED">
            <child column="guid" foreignKey="Defined in XML" implied="false" onDeleteCascade="false" table="pet_spell"/>
            <child column="guid" foreignKey="Defined in XML" implied="false" onDeleteCascade="false" table="pet_spell_cooldown"/>
         </column>
         <column autoUpdated="false" defaultValue="0" digits="0" id="1" name="entry" nullable="false" remarks="" size="10" type="INT UNSIGNED">
            <parent column="entry" foreignKey="Defined in XML" implied="false" onDeleteCascade="false" table="creature_template"/>
         </column>
         <column autoUpdated="false" defaultValue="0" digits="0" id="2" name="owner" nullable="false" remarks="" size="10" type="INT UNSIGNED">
            <parent column="guid" foreignKey="Defined in XML" implied="false" onDeleteCascade="false" table="characters"/>
         </column>
         <column autoUpdated="false" defaultValue="0" digits="0" id="3" name="modelid" nullable="true" remarks="" size="10" type="INT UNSIGNED"/>
         <column autoUpdated="false" defaultValue="0" digits="0" id="4" name="CreatedBySpell" nullable="false" remarks="" size="10" type="INT UNSIGNED"/>
         <column autoUpdated="false" defaultValue="0" digits="0" id="5" name="PetType" nullable="false" remarks="" size="3" type="TINYINT UNSIGNED"/>
         <column autoUpdated="false" defaultValue="1" digits="0" id="6" name="level" nullable="false" remarks="" size="10" type="INT UNSIGNED"/>
         <column autoUpdated="false" defaultValue="0" digits="0" id="7" name="exp" nullable="false" remarks="" size="10" type="INT UNSIGNED"/>
         <column autoUpdated="false" defaultValue="0" digits="0" id="8" name="Reactstate" nullable="false" remarks="" size="0" type="BIT"/>
         <column autoUpdated="false" defaultValue="0" digits="0" id="9" name="talentpoints" nullable="false" remarks="" size="10" type="INT UNSIGNED"/>
         <column autoUpdated="false" defaultValue="Pet" digits="0" id="10" name="name" nullable="true" remarks="" size="100" type="VARCHAR"/>
         <column autoUpdated="false" defaultValue="0" digits="0" id="11" name="renamed" nullable="false" remarks="" size="0" type="BIT"/>
         <column autoUpdated="false" defaultValue="0" digits="0" id="12" name="slot" nullable="false" remarks="" size="10" type="INT UNSIGNED"/>
         <column autoUpdated="false" defaultValue="1" digits="0" id="13" name="curhealth" nullable="false" remarks="" size="10" type="INT UNSIGNED"/>
         <column autoUpdated="false" defaultValue="0" digits="0" id="14" name="curmana" nullable="false" remarks="" size="10" type="INT UNSIGNED"/>
         <column autoUpdated="false" defaultValue="0" digits="0" id="15" name="curhappiness" nullable="false" remarks="" size="10" type="INT UNSIGNED"/>
         <column autoUpdated="false" defaultValue="0" digits="0" id="16" name="savetime" nullable="false" remarks="" size="20" type="BIGINT UNSIGNED"/>
         <column autoUpdated="false" defaultValue="0" digits="0" id="17" name="resettalents_cost" nullable="false" remarks="" size="10" type="INT UNSIGNED"/>
         <column autoUpdated="false" defaultValue="0" digits="0" id="18" name="resettalents_time" nullable="false" remarks="" size="20" type="BIGINT UNSIGNED"/>
         <column autoUpdated="false" digits="0" id="19" name="abdata" nullable="true" remarks="" size="2147483647" type="LONGTEXT"/>
         <column autoUpdated="false" digits="0" id="20" name="teachspelldata" nullable="true" remarks="" size="2147483647" type="LONGTEXT"/>
         <primaryKey column="id" sequenceNumberInPK="1"/>
         <index name="PRIMARY" unique="true">
            <column ascending="true" name="id"/>
         </index>
         <index name="owner" unique="false">
            <column ascending="true" name="owner"/>
         </index>
      </table>
      <table catalog="characters" name="character_pet_declinedname" numRows="0" remarks="" type="TABLE">
         <column autoUpdated="false" defaultValue="0" digits="0" id="0" name="id" nullable="false" remarks="" size="10" type="INT UNSIGNED"/>
         <column autoUpdated="false" defaultValue="0" digits="0" id="1" name="owner" nullable="false" remarks="" size="10" type="INT UNSIGNED">
            <parent column="guid" foreignKey="Defined in XML" implied="false" onDeleteCascade="false" table="characters"/>
         </column>
         <column autoUpdated="false" defaultValue="" digits="0" id="2" name="genitive" nullable="false" remarks="" size="12" type="VARCHAR"/>
         <column autoUpdated="false" defaultValue="" digits="0" id="3" name="dative" nullable="false" remarks="" size="12" type="VARCHAR"/>
         <column autoUpdated="false" defaultValue="" digits="0" id="4" name="accusative" nullable="false" remarks="" size="12" type="VARCHAR"/>
         <column autoUpdated="false" defaultValue="" digits="0" id="5" name="instrumental" nullable="false" remarks="" size="12" type="VARCHAR"/>
         <column autoUpdated="false" defaultValue="" digits="0" id="6" name="prepositional" nullable="false" remarks="" size="12" type="VARCHAR"/>
         <primaryKey column="id" sequenceNumberInPK="1"/>
         <index name="PRIMARY" unique="true">
            <column ascending="true" name="id"/>
         </index>
         <index name="owner_key" unique="false">
            <column ascending="true" name="owner"/>
         </index>
      </table>
      <table catalog="characters" name="character_queststatus" numRows="0" remarks="Player System" type="TABLE">
         <column autoUpdated="false" defaultValue="0" digits="0" id="0" name="guid" nullable="false" remarks="Global Unique Identifier" size="10" type="INT UNSIGNED">
            <parent column="guid" foreignKey="Defined in XML" implied="false" onDeleteCascade="false" table="characters"/>
         </column>
         <column autoUpdated="false" defaultValue="0" digits="0" id="1" name="quest" nullable="false" remarks="Quest Identifier" size="10" type="INT UNSIGNED">
            <parent column="entry" foreignKey="Defined in XML" implied="false" onDeleteCascade="false" table="quest_template"/>
         </column>
         <column autoUpdated="false" defaultValue="0" digits="0" id="2" name="status" nullable="false" remarks="" size="10" type="INT UNSIGNED"/>
         <column autoUpdated="false" defaultValue="0" digits="0" id="3" name="rewarded" nullable="false" remarks="" size="0" type="BIT"/>
         <column autoUpdated="false" defaultValue="0" digits="0" id="4" name="explored" nullable="false" remarks="" size="0" type="BIT"/>
         <column autoUpdated="false" defaultValue="0" digits="0" id="5" name="timer" nullable="false" remarks="" size="20" type="BIGINT UNSIGNED"/>
         <column autoUpdated="false" defaultValue="0" digits="0" id="6" name="mobcount1" nullable="false" remarks="" size="10" type="INT UNSIGNED"/>
         <column autoUpdated="false" defaultValue="0" digits="0" id="7" name="mobcount2" nullable="false" remarks="" size="10" type="INT UNSIGNED"/>
         <column autoUpdated="false" defaultValue="0" digits="0" id="8" name="mobcount3" nullable="false" remarks="" size="10" type="INT UNSIGNED"/>
         <column autoUpdated="false" defaultValue="0" digits="0" id="9" name="mobcount4" nullable="false" remarks="" size="10" type="INT UNSIGNED"/>
         <column autoUpdated="false" defaultValue="0" digits="0" id="10" name="itemcount1" nullable="false" remarks="" size="10" type="INT UNSIGNED"/>
         <column autoUpdated="false" defaultValue="0" digits="0" id="11" name="itemcount2" nullable="false" remarks="" size="10" type="INT UNSIGNED"/>
         <column autoUpdated="false" defaultValue="0" digits="0" id="12" name="itemcount3" nullable="false" remarks="" size="10" type="INT UNSIGNED"/>
         <column autoUpdated="false" defaultValue="0" digits="0" id="13" name="itemcount4" nullable="false" remarks="" size="10" type="INT UNSIGNED"/>
         <primaryKey column="guid" sequenceNumberInPK="1"/>
         <primaryKey column="quest" sequenceNumberInPK="2"/>
         <index name="PRIMARY" unique="true">
            <column ascending="true" name="guid"/>
            <column ascending="true" name="quest"/>
         </index>
      </table>
      <table catalog="characters" name="character_queststatus_daily" numRows="0" remarks="Player System" type="TABLE">
         <column autoUpdated="false" defaultValue="0" digits="0" id="0" name="guid" nullable="false" remarks="Global Unique Identifier" size="10" type="INT UNSIGNED">
            <parent column="guid" foreignKey="Defined in XML" implied="false" onDeleteCascade="false" table="characters"/>
         </column>
         <column autoUpdated="false" defaultValue="0" digits="0" id="1" name="quest" nullable="false" remarks="Quest Identifier" size="10" type="INT UNSIGNED">
            <parent column="entry" foreignKey="Defined in XML" implied="false" onDeleteCascade="false" table="quest_template"/>
         </column>
         <column autoUpdated="false" defaultValue="0" digits="0" id="2" name="time" nullable="false" remarks="" size="20" type="BIGINT UNSIGNED"/>
         <primaryKey column="guid" sequenceNumberInPK="1"/>
         <primaryKey column="quest" sequenceNumberInPK="2"/>
         <index name="PRIMARY" unique="true">
            <column ascending="true" name="guid"/>
            <column ascending="true" name="quest"/>
         </index>
         <index name="idx_guid" unique="false">
            <column ascending="true" name="guid"/>
         </index>
      </table>
      <table catalog="characters" name="character_reputation" numRows="0" remarks="Player System" type="TABLE">
         <column autoUpdated="false" defaultValue="0" digits="0" id="0" name="guid" nullable="false" remarks="Global Unique Identifier" size="10" type="INT UNSIGNED">
            <parent column="guid" foreignKey="Defined in XML" implied="false" onDeleteCascade="false" table="characters"/>
         </column>
         <column autoUpdated="false" defaultValue="0" digits="0" id="1" name="faction" nullable="false" remarks="" size="10" type="INT UNSIGNED"/>
         <column autoUpdated="false" defaultValue="0" digits="0" id="2" name="standing" nullable="false" remarks="" size="10" type="INT"/>
         <column autoUpdated="false" defaultValue="0" digits="0" id="3" name="flags" nullable="false" remarks="" size="10" type="INT"/>
         <primaryKey column="faction" sequenceNumberInPK="1"/>
         <primaryKey column="guid" sequenceNumberInPK="2"/>
         <index name="PRIMARY" unique="true">
            <column ascending="true" name="guid"/>
            <column ascending="true" name="faction"/>
         </index>
      </table>
      <table catalog="characters" name="character_social" numRows="0" remarks="Player System" type="TABLE">
         <column autoUpdated="false" defaultValue="0" digits="0" id="0" name="guid" nullable="false" remarks="Character Global Unique Identifier" size="10" type="INT UNSIGNED">
            <parent column="guid" foreignKey="Defined in XML" implied="false" onDeleteCascade="false" table="characters"/>
         </column>
         <column autoUpdated="false" defaultValue="0" digits="0" id="1" name="friend" nullable="false" remarks="Friend Global Unique Identifier" size="10" type="INT UNSIGNED">
            <parent column="guid" foreignKey="Defined in XML" implied="false" onDeleteCascade="false" table="characters"/>
         </column>
         <column autoUpdated="false" defaultValue="0" digits="0" id="2" name="flags" nullable="false" remarks="Friend Flags" size="0" type="BIT"/>
         <column autoUpdated="false" defaultValue="" digits="0" id="3" name="note" nullable="false" remarks="Friend Note" size="48" type="VARCHAR"/>
         <primaryKey column="flags" sequenceNumberInPK="1"/>
         <primaryKey column="friend" sequenceNumberInPK="2"/>
         <primaryKey column="guid" sequenceNumberInPK="3"/>
         <index name="PRIMARY" unique="true">
            <column ascending="true" name="guid"/>
            <column ascending="true" name="friend"/>
            <column ascending="true" name="flags"/>
         </index>
         <index name="friend" unique="false">
            <column ascending="true" name="friend"/>
         </index>
         <index name="friend_flags" unique="false">
            <column ascending="true" name="friend"/>
            <column ascending="true" name="flags"/>
         </index>
         <index name="guid" unique="false">
            <column ascending="true" name="guid"/>
         </index>
         <index name="guid_flags" unique="false">
            <column ascending="true" name="guid"/>
            <column ascending="true" name="flags"/>
         </index>
      </table>
      <table catalog="characters" name="character_spell" numRows="0" remarks="Player System" type="TABLE">
         <column autoUpdated="false" defaultValue="0" digits="0" id="0" name="guid" nullable="false" remarks="Global Unique Identifier" size="10" type="INT UNSIGNED">
            <parent column="guid" foreignKey="Defined in XML" implied="false" onDeleteCascade="false" table="characters"/>
         </column>
         <column autoUpdated="false" defaultValue="0" digits="0" id="1" name="spell" nullable="false" remarks="Spell Identifier" size="10" type="INT UNSIGNED">
            <parent column="id" foreignKey="Defined in XML" implied="false" onDeleteCascade="false" table="spell_dbc"/>
         </column>
         <column autoUpdated="false" defaultValue="1" digits="0" id="2" name="active" nullable="false" remarks="" size="3" type="TINYINT UNSIGNED"/>
         <column autoUpdated="false" defaultValue="0" digits="0" id="3" name="disabled" nullable="false" remarks="" size="3" type="TINYINT UNSIGNED"/>
         <primaryKey column="guid" sequenceNumberInPK="1"/>
         <primaryKey column="spell" sequenceNumberInPK="2"/>
         <index name="PRIMARY" unique="true">
            <column ascending="true" name="guid"/>
            <column ascending="true" name="spell"/>
         </index>
      </table>
      <table catalog="characters" name="character_spell_cooldown" numRows="0" remarks="" type="TABLE">
         <column autoUpdated="false" defaultValue="0" digits="0" id="0" name="guid" nullable="false" remarks="Global Unique Identifier, Low part" size="10" type="INT UNSIGNED">
            <parent column="guid" foreignKey="Defined in XML" implied="false" onDeleteCascade="false" table="characters"/>
         </column>
         <column autoUpdated="false" defaultValue="0" digits="0" id="1" name="spell" nullable="false" remarks="Spell Identifier" size="10" type="INT UNSIGNED">
            <parent column="id" foreignKey="Defined in XML" implied="false" onDeleteCascade="false" table="spell_dbc"/>
         </column>
         <column autoUpdated="false" defaultValue="0" digits="0" id="2" name="item" nullable="false" remarks="Item Identifier" size="10" type="INT UNSIGNED">
            <parent column="entry" foreignKey="Defined in XML" implied="false" onDeleteCascade="false" table="item_template"/>
         </column>
         <column autoUpdated="false" defaultValue="0" digits="0" id="3" name="time" nullable="false" remarks="" size="20" type="BIGINT UNSIGNED"/>
         <primaryKey column="guid" sequenceNumberInPK="1"/>
         <primaryKey column="spell" sequenceNumberInPK="2"/>
         <index name="PRIMARY" unique="true">
            <column ascending="true" name="guid"/>
            <column ascending="true" name="spell"/>
         </index>
      </table>
      <table catalog="characters" name="character_ticket" numRows="0" remarks="Player System" type="TABLE">
         <column autoUpdated="true" digits="0" id="0" name="ticket_id" nullable="false" remarks="" size="10" type="INT UNSIGNED"/>
         <column autoUpdated="false" defaultValue="0" digits="0" id="1" name="guid" nullable="false" remarks="" size="10" type="INT UNSIGNED">
            <parent column="guid" foreignKey="Defined in XML" implied="false" onDeleteCascade="false" table="characters"/>
         </column>
         <column autoUpdated="false" digits="0" id="2" name="ticket_text" nullable="true" remarks="" size="65535" type="TEXT"/>
         <column autoUpdated="false" defaultValue="CURRENT_TIMESTAMP" digits="0" id="3" name="ticket_lastchange" nullable="false" remarks="" size="19" type="TIMESTAMP"/>
         <primaryKey column="ticket_id" sequenceNumberInPK="1"/>
         <index name="PRIMARY" unique="true">
            <column ascending="true" name="ticket_id"/>
         </index>
      </table>
      <table catalog="characters" name="character_tutorial" numRows="0" remarks="Player System" type="TABLE">
         <column autoUpdated="true" digits="0" id="0" name="account" nullable="false" remarks="Account Identifier" size="20" type="BIGINT UNSIGNED">
            <parent column="id" foreignKey="Defined in XML" implied="false" onDeleteCascade="false" table="account"/>
         </column>
         <column autoUpdated="false" digits="0" id="null" name="guid" nullable="false" remarks="" size="0" type="Unknown">
            <parent column="guid" foreignKey="Defined in XML" implied="false" onDeleteCascade="false" table="characters"/>
         </column>
         <column autoUpdated="false" defaultValue="0" digits="0" id="1" name="realmid" nullable="false" remarks="Realm Identifier" size="10" type="INT UNSIGNED">
            <parent column="id" foreignKey="Defined in XML" implied="false" onDeleteCascade="false" table="realmlist"/>
         </column>
         <column autoUpdated="false" defaultValue="0" digits="0" id="2" name="tut0" nullable="false" remarks="" size="10" type="INT UNSIGNED"/>
         <column autoUpdated="false" defaultValue="0" digits="0" id="3" name="tut1" nullable="false" remarks="" size="10" type="INT UNSIGNED"/>
         <column autoUpdated="false" defaultValue="0" digits="0" id="4" name="tut2" nullable="false" remarks="" size="10" type="INT UNSIGNED"/>
         <column autoUpdated="false" defaultValue="0" digits="0" id="5" name="tut3" nullable="false" remarks="" size="10" type="INT UNSIGNED"/>
         <column autoUpdated="false" defaultValue="0" digits="0" id="6" name="tut4" nullable="false" remarks="" size="10" type="INT UNSIGNED"/>
         <column autoUpdated="false" defaultValue="0" digits="0" id="7" name="tut5" nullable="false" remarks="" size="10" type="INT UNSIGNED"/>
         <column autoUpdated="false" defaultValue="0" digits="0" id="8" name="tut6" nullable="false" remarks="" size="10" type="INT UNSIGNED"/>
         <column autoUpdated="false" defaultValue="0" digits="0" id="9" name="tut7" nullable="false" remarks="" size="10" type="INT UNSIGNED"/>
         <primaryKey column="account" sequenceNumberInPK="1"/>
         <primaryKey column="realmid" sequenceNumberInPK="2"/>
         <index name="PRIMARY" unique="true">
            <column ascending="true" name="account"/>
            <column ascending="true" name="realmid"/>
         </index>
         <index name="acc_key" unique="false">
            <column ascending="true" name="account"/>
         </index>
      </table>
      <table catalog="characters" name="characters" numRows="0" remarks="Player System" type="TABLE">
         <column autoUpdated="false" defaultValue="0" digits="0" id="0" name="guid" nullable="false" remarks="Global Unique Identifier" size="10" type="INT UNSIGNED">
            <child column="captainguid" foreignKey="Defined in XML" implied="false" onDeleteCascade="false" table="arena_team"/>
            <child column="guid" foreignKey="Defined in XML" implied="false" onDeleteCascade="false" table="arena_team_member"/>
            <child column="buyguid" foreignKey="Defined in XML" implied="false" onDeleteCascade="false" table="auctionhouse"/>
            <child column="itemowner" foreignKey="Defined in XML" implied="false" onDeleteCascade="false" table="auctionhouse"/>
            <child column="guid" foreignKey="Defined in XML" implied="false" onDeleteCascade="false" table="character_achievement"/>
            <child column="guid" foreignKey="Defined in XML" implied="false" onDeleteCascade="false" table="character_achievement_progress"/>
            <child column="guid" foreignKey="Defined in XML" implied="false" onDeleteCascade="false" table="character_action"/>
            <child column="caster_guid" foreignKey="Defined in XML" implied="false" onDeleteCascade="false" table="character_aura"/>
            <child column="guid" foreignKey="Defined in XML" implied="false" onDeleteCascade="false" table="character_aura"/>
            <child column="guid" foreignKey="Defined in XML" implied="false" onDeleteCascade="false" table="character_declinedname"/>
            <child column="guid" foreignKey="Defined in XML" implied="false" onDeleteCascade="false" table="character_gifts"/>
            <child column="guid" foreignKey="Defined in XML" implied="false" onDeleteCascade="false" table="character_homebind"/>
            <child column="guid" foreignKey="Defined in XML" implied="false" onDeleteCascade="false" table="character_instance"/>
            <child column="guid" foreignKey="Defined in XML" implied="false" onDeleteCascade="false" table="character_inventory"/>
            <child column="owner" foreignKey="Defined in XML" implied="false" onDeleteCascade="false" table="character_pet"/>
            <child column="owner" foreignKey="Defined in XML" implied="false" onDeleteCascade="false" table="character_pet_declinedname"/>
            <child column="guid" foreignKey="Defined in XML" implied="false" onDeleteCascade="false" table="character_queststatus"/>
            <child column="guid" foreignKey="Defined in XML" implied="false" onDeleteCascade="false" table="character_queststatus_daily"/>
            <child column="guid" foreignKey="Defined in XML" implied="false" onDeleteCascade="false" table="character_reputation"/>
            <child column="friend" foreignKey="Defined in XML" implied="false" onDeleteCascade="false" table="character_social"/>
            <child column="guid" foreignKey="Defined in XML" implied="false" onDeleteCascade="false" table="character_social"/>
            <child column="guid" foreignKey="Defined in XML" implied="false" onDeleteCascade="false" table="character_spell"/>
            <child column="guid" foreignKey="Defined in XML" implied="false" onDeleteCascade="false" table="character_spell_cooldown"/>
            <child column="guid" foreignKey="Defined in XML" implied="false" onDeleteCascade="false" table="character_ticket"/>
            <child column="guid" foreignKey="Defined in XML" implied="false" onDeleteCascade="false" table="character_tutorial"/>
            <child column="guid" foreignKey="Defined in XML" implied="false" onDeleteCascade="false" table="corpse"/>
            <child column="memberGuid" foreignKey="Defined in XML" implied="false" onDeleteCascade="false" table="group_member"/>
            <child column="leaderGuid" foreignKey="Defined in XML" implied="false" onDeleteCascade="false" table="groups"/>
            <child column="looterGuid" foreignKey="Defined in XML" implied="false" onDeleteCascade="false" table="groups"/>
            <child column="mainAssistant" foreignKey="Defined in XML" implied="false" onDeleteCascade="false" table="groups"/>
            <child column="mainTank" foreignKey="Defined in XML" implied="false" onDeleteCascade="false" table="groups"/>
            <child column="leaderguid" foreignKey="Defined in XML" implied="false" onDeleteCascade="false" table="guild"/>
            <child column="PlayerGuid" foreignKey="Defined in XML" implied="false" onDeleteCascade="false" table="guild_bank_eventlog"/>
            <child column="PlayerGuid1" foreignKey="Defined in XML" implied="false" onDeleteCascade="false" table="guild_eventlog"/>
            <child column="PlayerGuid2" foreignKey="Defined in XML" implied="false" onDeleteCascade="false" table="guild_eventlog"/>
            <child column="guid" foreignKey="Defined in XML" implied="false" onDeleteCascade="false" table="guild_member"/>
            <child column="owner_guid" foreignKey="Defined in XML" implied="false" onDeleteCascade="false" table="item_instance"/>
            <child column="receiver" foreignKey="Defined in XML" implied="false" onDeleteCascade="false" table="mail"/>
            <child column="sender" foreignKey="Defined in XML" implied="false" onDeleteCascade="false" table="mail"/>
            <child column="receiver" foreignKey="Defined in XML" implied="false" onDeleteCascade="false" table="mail_items"/>
            <child column="caster_guid" foreignKey="Defined in XML" implied="false" onDeleteCascade="false" table="pet_aura"/>
            <child column="guid" foreignKey="Defined in XML" implied="false" onDeleteCascade="false" table="pet_aura"/>
            <child column="ownerguid" foreignKey="Defined in XML" implied="false" onDeleteCascade="false" table="petition"/>
            <child column="ownerguid" foreignKey="Defined in XML" implied="false" onDeleteCascade="false" table="petition_sign"/>
            <child column="playerguid" foreignKey="Defined in XML" implied="false" onDeleteCascade="false" table="petition_sign"/>
         </column>
         <column autoUpdated="false" defaultValue="0" digits="0" id="1" name="account" nullable="false" remarks="Account Identifier" size="10" type="INT UNSIGNED">
            <parent column="id" foreignKey="Defined in XML" implied="false" onDeleteCascade="false" table="account"/>
         </column>
         <column autoUpdated="false" digits="0" id="2" name="data" nullable="true" remarks="" size="2147483647" type="LONGTEXT"/>
         <column autoUpdated="false" defaultValue="" digits="0" id="3" name="name" nullable="false" remarks="" size="12" type="VARCHAR"/>
         <column autoUpdated="false" defaultValue="0" digits="0" id="4" name="race" nullable="false" remarks="" size="3" type="TINYINT UNSIGNED"/>
         <column autoUpdated="false" defaultValue="0" digits="0" id="5" name="class" nullable="false" remarks="" size="3" type="TINYINT UNSIGNED"/>
         <column autoUpdated="false" defaultValue="0" digits="0" id="6" name="position_x" nullable="false" remarks="" size="12" type="FLOAT"/>
         <column autoUpdated="false" defaultValue="0" digits="0" id="7" name="position_y" nullable="false" remarks="" size="12" type="FLOAT"/>
         <column autoUpdated="false" defaultValue="0" digits="0" id="8" name="position_z" nullable="false" remarks="" size="12" type="FLOAT"/>
         <column autoUpdated="false" defaultValue="0" digits="0" id="9" name="map" nullable="false" remarks="Map Identifier" size="10" type="INT UNSIGNED"/>
         <column autoUpdated="false" defaultValue="0" digits="0" id="10" name="dungeon_difficulty" nullable="false" remarks="" size="0" type="BIT"/>
         <column autoUpdated="false" defaultValue="0" digits="0" id="11" name="orientation" nullable="false" remarks="" size="12" type="FLOAT"/>
         <column autoUpdated="false" digits="0" id="12" name="taximask" nullable="true" remarks="" size="2147483647" type="LONGTEXT"/>
         <column autoUpdated="false" defaultValue="0" digits="0" id="13" name="online" nullable="false" remarks="" size="3" type="TINYINT UNSIGNED"/>
         <column autoUpdated="false" defaultValue="0" digits="0" id="14" name="cinematic" nullable="false" remarks="" size="3" type="TINYINT UNSIGNED"/>
         <column autoUpdated="false" defaultValue="0" digits="0" id="15" name="totaltime" nullable="false" remarks="" size="10" type="INT UNSIGNED"/>
         <column autoUpdated="false" defaultValue="0" digits="0" id="16" name="leveltime" nullable="false" remarks="" size="10" type="INT UNSIGNED"/>
         <column autoUpdated="false" defaultValue="0" digits="0" id="17" name="logout_time" nullable="false" remarks="" size="20" type="BIGINT UNSIGNED"/>
         <column autoUpdated="false" defaultValue="0" digits="0" id="18" name="is_logout_resting" nullable="false" remarks="" size="3" type="TINYINT UNSIGNED"/>
         <column autoUpdated="false" defaultValue="0" digits="0" id="19" name="rest_bonus" nullable="false" remarks="" size="12" type="FLOAT"/>
         <column autoUpdated="false" defaultValue="0" digits="0" id="20" name="resettalents_cost" nullable="false" remarks="" size="10" type="INT UNSIGNED"/>
         <column autoUpdated="false" defaultValue="0" digits="0" id="21" name="resettalents_time" nullable="false" remarks="" size="20" type="BIGINT UNSIGNED"/>
         <column autoUpdated="false" defaultValue="0" digits="0" id="22" name="trans_x" nullable="false" remarks="" size="12" type="FLOAT"/>
         <column autoUpdated="false" defaultValue="0" digits="0" id="23" name="trans_y" nullable="false" remarks="" size="12" type="FLOAT"/>
         <column autoUpdated="false" defaultValue="0" digits="0" id="24" name="trans_z" nullable="false" remarks="" size="12" type="FLOAT"/>
         <column autoUpdated="false" defaultValue="0" digits="0" id="25" name="trans_o" nullable="false" remarks="" size="12" type="FLOAT"/>
         <column autoUpdated="false" defaultValue="0" digits="0" id="26" name="transguid" nullable="false" remarks="" size="20" type="BIGINT UNSIGNED"/>
         <column autoUpdated="false" defaultValue="0" digits="0" id="27" name="extra_flags" nullable="false" remarks="" size="10" type="INT UNSIGNED"/>
         <column autoUpdated="false" defaultValue="0" digits="0" id="28" name="stable_slots" nullable="false" remarks="" size="0" type="BIT"/>
         <column autoUpdated="false" defaultValue="0" digits="0" id="29" name="at_login" nullable="false" remarks="" size="10" type="INT UNSIGNED"/>
         <column autoUpdated="false" defaultValue="0" digits="0" id="30" name="zone" nullable="false" remarks="" size="10" type="INT UNSIGNED"/>
         <column autoUpdated="false" defaultValue="0" digits="0" id="31" name="death_expire_time" nullable="false" remarks="" size="20" type="BIGINT UNSIGNED"/>
         <column autoUpdated="false" digits="0" id="32" name="taxi_path" nullable="true" remarks="" size="65535" type="TEXT"/>
         <column autoUpdated="false" defaultValue="0" digits="0" id="33" name="arena_pending_points" nullable="false" remarks="" size="10" type="INT UNSIGNED"/>
         <column autoUpdated="false" defaultValue="0" digits="0" id="34" name="bgid" nullable="false" remarks="" size="10" type="INT UNSIGNED"/>
         <column autoUpdated="false" defaultValue="0" digits="0" id="35" name="bgteam" nullable="false" remarks="" size="10" type="INT UNSIGNED"/>
         <column autoUpdated="false" defaultValue="0" digits="0" id="36" name="bgmap" nullable="false" remarks="" size="10" type="INT UNSIGNED"/>
         <column autoUpdated="false" defaultValue="0" digits="0" id="37" name="bgx" nullable="false" remarks="" size="12" type="FLOAT"/>
         <column autoUpdated="false" defaultValue="0" digits="0" id="38" name="bgy" nullable="false" remarks="" size="12" type="FLOAT"/>
         <column autoUpdated="false" defaultValue="0" digits="0" id="39" name="bgz" nullable="false" remarks="" size="12" type="FLOAT"/>
         <column autoUpdated="false" defaultValue="0" digits="0" id="40" name="bgo" nullable="false" remarks="" size="12" type="FLOAT"/>
         <primaryKey column="guid" sequenceNumberInPK="1"/>
         <index name="PRIMARY" unique="true">
            <column ascending="true" name="guid"/>
         </index>
         <index name="idx_account" unique="false">
            <column ascending="true" name="account"/>
         </index>
         <index name="idx_name" unique="false">
            <column ascending="true" name="name"/>
         </index>
         <index name="idx_online" unique="false">
            <column ascending="true" name="online"/>
         </index>
      </table>
      <table catalog="characters" name="corpse" numRows="0" remarks="Death System" type="TABLE">
         <column autoUpdated="false" defaultValue="0" digits="0" id="0" name="guid" nullable="false" remarks="Global Unique Identifier" size="10" type="INT UNSIGNED">
            <parent column="guid" foreignKey="Defined in XML" implied="false" onDeleteCascade="false" table="characters"/>
         </column>
         <column autoUpdated="false" defaultValue="0" digits="0" id="1" name="player" nullable="false" remarks="Character Global Unique Identifier" size="10" type="INT UNSIGNED"/>
         <column autoUpdated="false" defaultValue="0" digits="0" id="2" name="position_x" nullable="false" remarks="" size="12" type="FLOAT"/>
         <column autoUpdated="false" defaultValue="0" digits="0" id="3" name="position_y" nullable="false" remarks="" size="12" type="FLOAT"/>
         <column autoUpdated="false" defaultValue="0" digits="0" id="4" name="position_z" nullable="false" remarks="" size="12" type="FLOAT"/>
         <column autoUpdated="false" defaultValue="0" digits="0" id="5" name="orientation" nullable="false" remarks="" size="12" type="FLOAT"/>
         <column autoUpdated="false" defaultValue="38" digits="0" id="6" name="zone" nullable="false" remarks="Zone Identifier" size="10" type="INT UNSIGNED"/>
         <column autoUpdated="false" defaultValue="0" digits="0" id="7" name="map" nullable="false" remarks="Map Identifier" size="10" type="INT UNSIGNED"/>
         <column autoUpdated="false" defaultValue="1" digits="0" id="8" name="phaseMask" nullable="false" remarks="" size="5" type="SMALLINT UNSIGNED"/>
         <column autoUpdated="false" digits="0" id="9" name="data" nullable="true" remarks="" size="2147483647" type="LONGTEXT"/>
         <column autoUpdated="false" defaultValue="0" digits="0" id="10" name="time" nullable="false" remarks="" size="20" type="BIGINT UNSIGNED"/>
         <column autoUpdated="false" defaultValue="0" digits="0" id="11" name="corpse_type" nullable="false" remarks="" size="3" type="TINYINT UNSIGNED"/>
         <column autoUpdated="false" defaultValue="0" digits="0" id="12" name="instance" nullable="false" remarks="" size="10" type="INT UNSIGNED"/>
         <primaryKey column="guid" sequenceNumberInPK="1"/>
         <index name="PRIMARY" unique="true">
            <column ascending="true" name="guid"/>
         </index>
         <index name="idx_type" unique="false">
            <column ascending="true" name="corpse_type"/>
         </index>
         <index name="instance" unique="false">
            <column ascending="true" name="instance"/>
         </index>
      </table>
      <table catalog="characters" name="group_instance" numRows="0" remarks="" type="TABLE">
         <column autoUpdated="false" defaultValue="0" digits="0" id="0" name="leaderGuid" nullable="false" remarks="" size="10" type="INT UNSIGNED">
            <parent column="leaderGuid" foreignKey="Defined in XML" implied="false" onDeleteCascade="false" table="groups"/>
         </column>
         <column autoUpdated="false" defaultValue="0" digits="0" id="1" name="instance" nullable="false" remarks="" size="10" type="INT UNSIGNED">
            <parent column="id" foreignKey="Defined in XML" implied="false" onDeleteCascade="false" table="instance"/>
         </column>
         <column autoUpdated="false" defaultValue="0" digits="0" id="2" name="permanent" nullable="false" remarks="" size="0" type="BIT"/>
         <primaryKey column="instance" sequenceNumberInPK="1"/>
         <primaryKey column="leaderGuid" sequenceNumberInPK="2"/>
         <index name="PRIMARY" unique="true">
            <column ascending="true" name="leaderGuid"/>
            <column ascending="true" name="instance"/>
         </index>
         <index name="instance" unique="false">
            <column ascending="true" name="instance"/>
         </index>
      </table>
      <table catalog="characters" name="group_member" numRows="0" remarks="Groups" type="TABLE">
         <column autoUpdated="false" digits="0" id="0" name="leaderGuid" nullable="false" remarks="" size="10" type="INT UNSIGNED">
            <parent column="leaderGuid" foreignKey="Defined in XML" implied="false" onDeleteCascade="false" table="groups"/>
         </column>
         <column autoUpdated="false" digits="0" id="1" name="memberGuid" nullable="false" remarks="" size="10" type="INT UNSIGNED">
            <parent column="guid" foreignKey="Defined in XML" implied="false" onDeleteCascade="false" table="characters"/>
         </column>
         <column autoUpdated="false" digits="0" id="2" name="assistant" nullable="false" remarks="" size="0" type="BIT"/>
         <column autoUpdated="false" digits="0" id="3" name="subgroup" nullable="false" remarks="" size="5" type="SMALLINT UNSIGNED"/>
         <primaryKey column="leaderGuid" sequenceNumberInPK="1"/>
         <primaryKey column="memberGuid" sequenceNumberInPK="2"/>
         <index name="PRIMARY" unique="true">
            <column ascending="true" name="leaderGuid"/>
            <column ascending="true" name="memberGuid"/>
         </index>
      </table>
      <table catalog="characters" name="groups" numRows="0" remarks="Groups" type="TABLE">
         <column autoUpdated="false" digits="0" id="0" name="leaderGuid" nullable="false" remarks="" size="10" type="INT UNSIGNED">
            <child column="leaderGuid" foreignKey="Defined in XML" implied="false" onDeleteCascade="false" table="group_instance"/>
            <child column="leaderGuid" foreignKey="Defined in XML" implied="false" onDeleteCascade="false" table="group_member"/>
            <parent column="guid" foreignKey="Defined in XML" implied="false" onDeleteCascade="false" table="characters"/>
         </column>
         <column autoUpdated="false" digits="0" id="1" name="mainTank" nullable="false" remarks="" size="10" type="INT UNSIGNED">
            <parent column="guid" foreignKey="Defined in XML" implied="false" onDeleteCascade="false" table="characters"/>
         </column>
         <column autoUpdated="false" digits="0" id="2" name="mainAssistant" nullable="false" remarks="" size="10" type="INT UNSIGNED">
            <parent column="guid" foreignKey="Defined in XML" implied="false" onDeleteCascade="false" table="characters"/>
         </column>
         <column autoUpdated="false" digits="0" id="3" name="lootMethod" nullable="false" remarks="" size="3" type="TINYINT UNSIGNED"/>
         <column autoUpdated="false" digits="0" id="4" name="looterGuid" nullable="false" remarks="" size="10" type="INT UNSIGNED">
            <parent column="guid" foreignKey="Defined in XML" implied="false" onDeleteCascade="false" table="characters"/>
         </column>
         <column autoUpdated="false" digits="0" id="5" name="lootThreshold" nullable="false" remarks="" size="3" type="TINYINT UNSIGNED"/>
         <column autoUpdated="false" digits="0" id="6" name="icon1" nullable="false" remarks="" size="10" type="INT UNSIGNED"/>
         <column autoUpdated="false" digits="0" id="7" name="icon2" nullable="false" remarks="" size="10" type="INT UNSIGNED"/>
         <column autoUpdated="false" digits="0" id="8" name="icon3" nullable="false" remarks="" size="10" type="INT UNSIGNED"/>
         <column autoUpdated="false" digits="0" id="9" name="icon4" nullable="false" remarks="" size="10" type="INT UNSIGNED"/>
         <column autoUpdated="false" digits="0" id="10" name="icon5" nullable="false" remarks="" size="10" type="INT UNSIGNED"/>
         <column autoUpdated="false" digits="0" id="11" name="icon6" nullable="false" remarks="" size="10" type="INT UNSIGNED"/>
         <column autoUpdated="false" digits="0" id="12" name="icon7" nullable="false" remarks="" size="10" type="INT UNSIGNED"/>
         <column autoUpdated="false" digits="0" id="13" name="icon8" nullable="false" remarks="" size="10" type="INT UNSIGNED"/>
         <column autoUpdated="false" digits="0" id="14" name="isRaid" nullable="false" remarks="" size="0" type="BIT"/>
         <column autoUpdated="false" defaultValue="0" digits="0" id="15" name="difficulty" nullable="false" remarks="" size="3" type="TINYINT UNSIGNED"/>
         <primaryKey column="leaderGuid" sequenceNumberInPK="1"/>
         <index name="PRIMARY" unique="true">
            <column ascending="true" name="leaderGuid"/>
         </index>
      </table>
      <table catalog="characters" name="guild" numRows="0" remarks="Guild System" type="TABLE">
         <column autoUpdated="false" defaultValue="0" digits="0" id="0" name="guildid" nullable="false" remarks="" size="10" type="INT UNSIGNED">
            <child column="guildid" foreignKey="Defined in XML" implied="false" onDeleteCascade="false" table="guild_bank_eventlog"/>
            <child column="guildid" foreignKey="Defined in XML" implied="false" onDeleteCascade="false" table="guild_bank_item"/>
            <child column="guildid" foreignKey="Defined in XML" implied="false" onDeleteCascade="false" table="guild_bank_right"/>
            <child column="guildid" foreignKey="Defined in XML" implied="false" onDeleteCascade="false" table="guild_bank_tab"/>
            <child column="guildid" foreignKey="Defined in XML" implied="false" onDeleteCascade="false" table="guild_eventlog"/>
            <child column="guildid" foreignKey="Defined in XML" implied="false" onDeleteCascade="false" table="guild_member"/>
            <child column="guildid" foreignKey="Defined in XML" implied="false" onDeleteCascade="false" table="guild_rank"/>
         </column>
         <column autoUpdated="false" defaultValue="" digits="0" id="1" name="name" nullable="false" remarks="" size="255" type="VARCHAR"/>
         <column autoUpdated="false" defaultValue="0" digits="0" id="2" name="leaderguid" nullable="false" remarks="" size="10" type="INT UNSIGNED">
            <parent column="guid" foreignKey="Defined in XML" implied="false" onDeleteCascade="false" table="characters"/>
         </column>
         <column autoUpdated="false" defaultValue="0" digits="0" id="3" name="EmblemStyle" nullable="false" remarks="" size="10" type="INT"/>
         <column autoUpdated="false" defaultValue="0" digits="0" id="4" name="EmblemColor" nullable="false" remarks="" size="10" type="INT"/>
         <column autoUpdated="false" defaultValue="0" digits="0" id="5" name="BorderStyle" nullable="false" remarks="" size="10" type="INT"/>
         <column autoUpdated="false" defaultValue="0" digits="0" id="6" name="BorderColor" nullable="false" remarks="" size="10" type="INT"/>
         <column autoUpdated="false" defaultValue="0" digits="0" id="7" name="BackgroundColor" nullable="false" remarks="" size="10" type="INT"/>
         <column autoUpdated="false" digits="0" id="8" name="info" nullable="false" remarks="" size="65535" type="TEXT"/>
         <column autoUpdated="false" defaultValue="" digits="0" id="9" name="motd" nullable="false" remarks="" size="255" type="VARCHAR"/>
         <column autoUpdated="false" digits="0" id="10" name="createdate" nullable="true" remarks="" size="19" type="DATETIME"/>
         <column autoUpdated="false" defaultValue="0" digits="0" id="11" name="BankMoney" nullable="false" remarks="" size="19" type="BIGINT"/>
         <primaryKey column="guildid" sequenceNumberInPK="1"/>
         <index name="PRIMARY" unique="true">
            <column ascending="true" name="guildid"/>
         </index>
      </table>
      <table catalog="characters" name="guild_bank_eventlog" numRows="0" remarks="" type="TABLE">
         <column autoUpdated="false" defaultValue="0" digits="0" id="0" name="guildid" nullable="false" remarks="" size="10" type="INT UNSIGNED">
            <parent column="guildid" foreignKey="Defined in XML" implied="false" onDeleteCascade="false" table="guild"/>
         </column>
         <column autoUpdated="false" defaultValue="0" digits="0" id="1" name="LogGuid" nullable="false" remarks="" size="10" type="INT UNSIGNED"/>
         <column autoUpdated="false" defaultValue="0" digits="0" id="2" name="LogEntry" nullable="false" remarks="" size="0" type="BIT"/>
         <column autoUpdated="false" defaultValue="0" digits="0" id="3" name="TabId" nullable="false" remarks="" size="0" type="BIT">
            <parent column="TabId" foreignKey="Defined in XML" implied="false" onDeleteCascade="false" table="guild_bank_tab"/>
         </column>
         <column autoUpdated="false" defaultValue="0" digits="0" id="4" name="PlayerGuid" nullable="false" remarks="" size="10" type="INT UNSIGNED">
            <parent column="guid" foreignKey="Defined in XML" implied="false" onDeleteCascade="false" table="characters"/>
         </column>
         <column autoUpdated="false" defaultValue="0" digits="0" id="5" name="ItemOrMoney" nullable="false" remarks="" size="10" type="INT UNSIGNED"/>
         <column autoUpdated="false" defaultValue="0" digits="0" id="6" name="ItemStackCount" nullable="false" remarks="" size="3" type="TINYINT UNSIGNED"/>
         <column autoUpdated="false" defaultValue="0" digits="0" id="7" name="DestTabId" nullable="false" remarks="" size="0" type="BIT"/>
         <column autoUpdated="false" defaultValue="0" digits="0" id="8" name="TimeStamp" nullable="false" remarks="" size="20" type="BIGINT UNSIGNED"/>
         <primaryKey column="LogGuid" sequenceNumberInPK="1"/>
         <primaryKey column="guildid" sequenceNumberInPK="2"/>
         <index name="PRIMARY" unique="true">
            <column ascending="true" name="guildid"/>
            <column ascending="true" name="LogGuid"/>
         </index>
         <index name="guildid_key" unique="false">
            <column ascending="true" name="guildid"/>
         </index>
      </table>
      <table catalog="characters" name="guild_bank_item" numRows="0" remarks="" type="TABLE">
         <column autoUpdated="false" defaultValue="0" digits="0" id="0" name="guildid" nullable="false" remarks="" size="10" type="INT UNSIGNED">
            <parent column="guildid" foreignKey="Defined in XML" implied="false" onDeleteCascade="false" table="guild"/>
         </column>
         <column autoUpdated="false" defaultValue="0" digits="0" id="1" name="TabId" nullable="false" remarks="" size="0" type="BIT">
            <parent column="TabId" foreignKey="Defined in XML" implied="false" onDeleteCascade="false" table="guild_bank_tab"/>
         </column>
         <column autoUpdated="false" defaultValue="0" digits="0" id="2" name="SlotId" nullable="false" remarks="" size="3" type="TINYINT UNSIGNED"/>
         <column autoUpdated="false" defaultValue="0" digits="0" id="3" name="item_guid" nullable="false" remarks="" size="10" type="INT UNSIGNED">
            <parent column="guid" foreignKey="Defined in XML" implied="false" onDeleteCascade="false" table="item_instance"/>
         </column>
         <column autoUpdated="false" defaultValue="0" digits="0" id="4" name="item_entry" nullable="false" remarks="" size="10" type="INT UNSIGNED">
            <parent column="entry" foreignKey="Defined in XML" implied="false" onDeleteCascade="false" table="item_template"/>
         </column>
         <primaryKey column="SlotId" sequenceNumberInPK="1"/>
         <primaryKey column="TabId" sequenceNumberInPK="2"/>
         <primaryKey column="guildid" sequenceNumberInPK="3"/>
         <index name="PRIMARY" unique="true">
            <column ascending="true" name="guildid"/>
            <column ascending="true" name="TabId"/>
            <column ascending="true" name="SlotId"/>
         </index>
         <index name="guildid_key" unique="false">
            <column ascending="true" name="guildid"/>
         </index>
      </table>
      <table catalog="characters" name="guild_bank_right" numRows="0" remarks="" type="TABLE">
         <column autoUpdated="false" defaultValue="0" digits="0" id="0" name="guildid" nullable="false" remarks="" size="10" type="INT UNSIGNED">
            <parent column="guildid" foreignKey="Defined in XML" implied="false" onDeleteCascade="false" table="guild"/>
         </column>
         <column autoUpdated="false" defaultValue="0" digits="0" id="1" name="TabId" nullable="false" remarks="" size="0" type="BIT">
            <parent column="TabId" foreignKey="Defined in XML" implied="false" onDeleteCascade="false" table="guild_bank_tab"/>
         </column>
         <column autoUpdated="false" defaultValue="0" digits="0" id="2" name="rid" nullable="false" remarks="" size="10" type="INT UNSIGNED">
            <parent column="rid" foreignKey="Defined in XML" implied="false" onDeleteCascade="false" table="guild_rank"/>
         </column>
         <column autoUpdated="false" defaultValue="0" digits="0" id="3" name="gbright" nullable="false" remarks="" size="3" type="TINYINT UNSIGNED"/>
         <column autoUpdated="false" defaultValue="0" digits="0" id="4" name="SlotPerDay" nullable="false" remarks="" size="10" type="INT UNSIGNED"/>
         <primaryKey column="TabId" sequenceNumberInPK="1"/>
         <primaryKey column="guildid" sequenceNumberInPK="2"/>
         <primaryKey column="rid" sequenceNumberInPK="3"/>
         <index name="PRIMARY" unique="true">
            <column ascending="true" name="guildid"/>
            <column ascending="true" name="TabId"/>
            <column ascending="true" name="rid"/>
         </index>
         <index name="guildid_key" unique="false">
            <column ascending="true" name="guildid"/>
         </index>
      </table>
      <table catalog="characters" name="guild_bank_tab" numRows="0" remarks="" type="TABLE">
         <column autoUpdated="false" defaultValue="0" digits="0" id="0" name="guildid" nullable="false" remarks="" size="10" type="INT UNSIGNED">
            <parent column="guildid" foreignKey="Defined in XML" implied="false" onDeleteCascade="false" table="guild"/>
         </column>
         <column autoUpdated="false" defaultValue="0" digits="0" id="1" name="TabId" nullable="false" remarks="" size="0" type="BIT">
            <child column="TabId" foreignKey="Defined in XML" implied="false" onDeleteCascade="false" table="guild_bank_eventlog"/>
            <child column="TabId" foreignKey="Defined in XML" implied="false" onDeleteCascade="false" table="guild_bank_item"/>
            <child column="TabId" foreignKey="Defined in XML" implied="false" onDeleteCascade="false" table="guild_bank_right"/>
            <child column="TabId" foreignKey="Defined in XML" implied="false" onDeleteCascade="false" table="guild_bank_tab"/>
            <parent column="TabId" foreignKey="Defined in XML" implied="false" onDeleteCascade="false" table="guild_bank_tab"/>
         </column>
         <column autoUpdated="false" defaultValue="" digits="0" id="2" name="TabName" nullable="false" remarks="" size="100" type="VARCHAR"/>
         <column autoUpdated="false" defaultValue="" digits="0" id="3" name="TabIcon" nullable="false" remarks="" size="100" type="VARCHAR"/>
         <column autoUpdated="false" digits="0" id="4" name="TabText" nullable="true" remarks="" size="65535" type="TEXT"/>
         <primaryKey column="TabId" sequenceNumberInPK="1"/>
         <primaryKey column="guildid" sequenceNumberInPK="2"/>
         <index name="PRIMARY" unique="true">
            <column ascending="true" name="guildid"/>
            <column ascending="true" name="TabId"/>
         </index>
         <index name="guildid_key" unique="false">
            <column ascending="true" name="guildid"/>
         </index>
      </table>
      <table catalog="characters" name="guild_eventlog" numRows="0" remarks="Guild Eventlog" type="TABLE">
         <column autoUpdated="false" digits="0" id="0" name="guildid" nullable="false" remarks="Guild Identificator" size="10" type="INT">
            <parent column="guildid" foreignKey="Defined in XML" implied="false" onDeleteCascade="false" table="guild"/>
         </column>
         <column autoUpdated="false" digits="0" id="1" name="LogGuid" nullable="false" remarks="Log entry identificator" size="10" type="INT"/>
         <column autoUpdated="false" digits="0" id="2" name="EventType" nullable="false" remarks="Event type" size="0" type="BIT"/>
         <column autoUpdated="false" digits="0" id="3" name="PlayerGuid1" nullable="false" remarks="Player 1" size="10" type="INT">
            <parent column="guid" foreignKey="Defined in XML" implied="false" onDeleteCascade="false" table="characters"/>
         </column>
         <column autoUpdated="false" digits="0" id="4" name="PlayerGuid2" nullable="false" remarks="Player 2" size="10" type="INT">
            <parent column="guid" foreignKey="Defined in XML" implied="false" onDeleteCascade="false" table="characters"/>
         </column>
         <column autoUpdated="false" digits="0" id="5" name="NewRank" nullable="false" remarks="New rank(in case promotion/demotion)" size="3" type="TINYINT">
            <parent column="rid" foreignKey="Defined in XML" implied="false" onDeleteCascade="false" table="guild_rank"/>
         </column>
         <column autoUpdated="false" digits="0" id="6" name="TimeStamp" nullable="false" remarks="Event UNIX time" size="19" type="BIGINT"/>
      </table>
      <table catalog="characters" name="guild_member" numRows="0" remarks="Guild System" type="TABLE">
         <column autoUpdated="false" defaultValue="0" digits="0" id="0" name="guildid" nullable="false" remarks="" size="10" type="INT UNSIGNED">
            <parent column="guildid" foreignKey="Defined in XML" implied="false" onDeleteCascade="false" table="guild"/>
         </column>
         <column autoUpdated="false" defaultValue="0" digits="0" id="1" name="guid" nullable="false" remarks="" size="10" type="INT UNSIGNED">
            <parent column="guid" foreignKey="Defined in XML" implied="false" onDeleteCascade="false" table="characters"/>
         </column>
         <column autoUpdated="false" defaultValue="0" digits="0" id="2" name="rank" nullable="false" remarks="" size="3" type="TINYINT UNSIGNED">
            <parent column="rid" foreignKey="Defined in XML" implied="false" onDeleteCascade="false" table="guild_rank"/>
         </column>
         <column autoUpdated="false" defaultValue="" digits="0" id="3" name="pnote" nullable="false" remarks="" size="255" type="VARCHAR"/>
         <column autoUpdated="false" defaultValue="" digits="0" id="4" name="offnote" nullable="false" remarks="" size="255" type="VARCHAR"/>
         <column autoUpdated="false" defaultValue="0" digits="0" id="5" name="BankResetTimeMoney" nullable="false" remarks="" size="10" type="INT UNSIGNED"/>
         <column autoUpdated="false" defaultValue="0" digits="0" id="6" name="BankRemMoney" nullable="false" remarks="" size="10" type="INT UNSIGNED"/>
         <column autoUpdated="false" defaultValue="0" digits="0" id="7" name="BankResetTimeTab0" nullable="false" remarks="" size="10" type="INT UNSIGNED"/>
         <column autoUpdated="false" defaultValue="0" digits="0" id="8" name="BankRemSlotsTab0" nullable="false" remarks="" size="10" type="INT UNSIGNED"/>
         <column autoUpdated="false" defaultValue="0" digits="0" id="9" name="BankResetTimeTab1" nullable="false" remarks="" size="10" type="INT UNSIGNED"/>
         <column autoUpdated="false" defaultValue="0" digits="0" id="10" name="BankRemSlotsTab1" nullable="false" remarks="" size="10" type="INT UNSIGNED"/>
         <column autoUpdated="false" defaultValue="0" digits="0" id="11" name="BankResetTimeTab2" nullable="false" remarks="" size="10" type="INT UNSIGNED"/>
         <column autoUpdated="false" defaultValue="0" digits="0" id="12" name="BankRemSlotsTab2" nullable="false" remarks="" size="10" type="INT UNSIGNED"/>
         <column autoUpdated="false" defaultValue="0" digits="0" id="13" name="BankResetTimeTab3" nullable="false" remarks="" size="10" type="INT UNSIGNED"/>
         <column autoUpdated="false" defaultValue="0" digits="0" id="14" name="BankRemSlotsTab3" nullable="false" remarks="" size="10" type="INT UNSIGNED"/>
         <column autoUpdated="false" defaultValue="0" digits="0" id="15" name="BankResetTimeTab4" nullable="false" remarks="" size="10" type="INT UNSIGNED"/>
         <column autoUpdated="false" defaultValue="0" digits="0" id="16" name="BankRemSlotsTab4" nullable="false" remarks="" size="10" type="INT UNSIGNED"/>
         <column autoUpdated="false" defaultValue="0" digits="0" id="17" name="BankResetTimeTab5" nullable="false" remarks="" size="10" type="INT UNSIGNED"/>
         <column autoUpdated="false" defaultValue="0" digits="0" id="18" name="BankRemSlotsTab5" nullable="false" remarks="" size="10" type="INT UNSIGNED"/>
         <index name="guid_key" unique="true">
            <column ascending="true" name="guid"/>
         </index>
         <index name="guildid_key" unique="false">
            <column ascending="true" name="guildid"/>
         </index>
         <index name="guildid_rank_key" unique="false">
            <column ascending="true" name="guildid"/>
            <column ascending="true" name="rank"/>
         </index>
      </table>
      <table catalog="characters" name="guild_rank" numRows="0" remarks="Guild System" type="TABLE">
         <column autoUpdated="false" defaultValue="0" digits="0" id="0" name="guildid" nullable="false" remarks="" size="10" type="INT UNSIGNED">
            <parent column="guildid" foreignKey="Defined in XML" implied="false" onDeleteCascade="false" table="guild"/>
         </column>
         <column autoUpdated="false" digits="0" id="1" name="rid" nullable="false" remarks="" size="10" type="INT UNSIGNED">
            <child column="rid" foreignKey="Defined in XML" implied="false" onDeleteCascade="false" table="guild_bank_right"/>
            <child column="NewRank" foreignKey="Defined in XML" implied="false" onDeleteCascade="false" table="guild_eventlog"/>
            <child column="rank" foreignKey="Defined in XML" implied="false" onDeleteCascade="false" table="guild_member"/>
         </column>
         <column autoUpdated="false" defaultValue="" digits="0" id="2" name="rname" nullable="false" remarks="" size="255" type="VARCHAR"/>
         <column autoUpdated="false" defaultValue="0" digits="0" id="3" name="rights" nullable="false" remarks="" size="10" type="INT UNSIGNED"/>
         <column autoUpdated="false" defaultValue="0" digits="0" id="4" name="BankMoneyPerDay" nullable="false" remarks="" size="10" type="INT UNSIGNED"/>
         <primaryKey column="guildid" sequenceNumberInPK="1"/>
         <primaryKey column="rid" sequenceNumberInPK="2"/>
         <index name="PRIMARY" unique="true">
            <column ascending="true" name="guildid"/>
            <column ascending="true" name="rid"/>
         </index>
      </table>
      <table catalog="characters" name="instance" numRows="0" remarks="" type="TABLE">
         <column autoUpdated="false" defaultValue="0" digits="0" id="0" name="id" nullable="false" remarks="" size="10" type="INT UNSIGNED">
            <child column="instance" foreignKey="Defined in XML" implied="false" onDeleteCascade="false" table="character_instance"/>
            <child column="instance" foreignKey="Defined in XML" implied="false" onDeleteCascade="false" table="group_instance"/>
         </column>
         <column autoUpdated="false" defaultValue="0" digits="0" id="1" name="map" nullable="false" remarks="" size="10" type="INT UNSIGNED"/>
         <column autoUpdated="false" defaultValue="0" digits="0" id="2" name="resettime" nullable="false" remarks="" size="19" type="BIGINT"/>
         <column autoUpdated="false" defaultValue="0" digits="0" id="3" name="difficulty" nullable="false" remarks="" size="0" type="BIT"/>
         <column autoUpdated="false" digits="0" id="4" name="data" nullable="true" remarks="" size="2147483647" type="LONGTEXT"/>
         <primaryKey column="id" sequenceNumberInPK="1"/>
         <index name="PRIMARY" unique="true">
            <column ascending="true" name="id"/>
         </index>
         <index name="map" unique="false">
            <column ascending="true" name="map"/>
         </index>
         <index name="resettime" unique="false">
            <column ascending="true" name="resettime"/>
         </index>
      </table>
      <table catalog="characters" name="instance_reset" numRows="0" remarks="" type="TABLE">
         <column autoUpdated="false" defaultValue="0" digits="0" id="0" name="mapid" nullable="false" remarks="" size="10" type="INT UNSIGNED"/>
         <column autoUpdated="false" defaultValue="0" digits="0" id="1" name="resettime" nullable="false" remarks="" size="19" type="BIGINT"/>
         <primaryKey column="mapid" sequenceNumberInPK="1"/>
         <index name="PRIMARY" unique="true">
            <column ascending="true" name="mapid"/>
         </index>
      </table>
      <table catalog="characters" name="item_instance" numRows="0" remarks="Item System" type="TABLE">
         <column autoUpdated="false" defaultValue="0" digits="0" id="0" name="guid" nullable="false" remarks="" size="10" type="INT UNSIGNED">
            <child column="itemguid" foreignKey="Defined in XML" implied="false" onDeleteCascade="false" table="auctionhouse"/>
            <child column="item_guid" foreignKey="Defined in XML" implied="false" onDeleteCascade="false" table="character_gifts"/>
            <child column="bag" foreignKey="Defined in XML" implied="false" onDeleteCascade="false" table="character_inventory"/>
            <child column="item" foreignKey="Defined in XML" implied="false" onDeleteCascade="false" table="character_inventory"/>
            <child column="item_guid" foreignKey="Defined in XML" implied="false" onDeleteCascade="false" table="guild_bank_item"/>
            <child column="item_guid" foreignKey="Defined in XML" implied="false" onDeleteCascade="false" table="mail_items"/>
            <child column="petitionguid" foreignKey="Defined in XML" implied="false" onDeleteCascade="false" table="petition"/>
            <child column="petitionguid" foreignKey="Defined in XML" implied="false" onDeleteCascade="false" table="petition_sign"/>
         </column>
         <column autoUpdated="false" defaultValue="0" digits="0" id="1" name="owner_guid" nullable="false" remarks="" size="10" type="INT UNSIGNED">
            <parent column="guid" foreignKey="Defined in XML" implied="false" onDeleteCascade="false" table="characters"/>
         </column>
         <column autoUpdated="false" digits="0" id="2" name="data" nullable="true" remarks="" size="2147483647" type="LONGTEXT"/>
         <primaryKey column="guid" sequenceNumberInPK="1"/>
         <index name="PRIMARY" unique="true">
            <column ascending="true" name="guid"/>
         </index>
         <index name="idx_owner_guid" unique="false">
            <column ascending="true" name="owner_guid"/>
         </index>
      </table>
      <table catalog="characters" name="item_text" numRows="0" remarks="Item System" type="TABLE">
         <column autoUpdated="false" defaultValue="0" digits="0" id="0" name="id" nullable="false" remarks="" size="10" type="INT UNSIGNED"/>
         <column autoUpdated="false" digits="0" id="1" name="text" nullable="true" remarks="" size="2147483647" type="LONGTEXT"/>
         <primaryKey column="id" sequenceNumberInPK="1"/>
         <index name="PRIMARY" unique="true">
            <column ascending="true" name="id"/>
         </index>
      </table>
      <table catalog="characters" name="mail" numRows="0" remarks="Mail System" type="TABLE">
         <column autoUpdated="false" defaultValue="0" digits="0" id="0" name="id" nullable="false" remarks="Identifier" size="10" type="INT UNSIGNED">
            <child column="mail_id" foreignKey="Defined in XML" implied="false" onDeleteCascade="false" table="mail_items"/>
         </column>
         <column autoUpdated="false" defaultValue="0" digits="0" id="1" name="messageType" nullable="false" remarks="" size="3" type="TINYINT UNSIGNED"/>
         <column autoUpdated="false" defaultValue="41" digits="0" id="2" name="stationery" nullable="false" remarks="" size="3" type="TINYINT"/>
         <column autoUpdated="false" defaultValue="0" digits="0" id="3" name="mailTemplateId" nullable="false" remarks="" size="8" type="MEDIUMINT UNSIGNED"/>
         <column autoUpdated="false" defaultValue="0" digits="0" id="4" name="sender" nullable="false" remarks="Character Global Unique Identifier" size="10" type="INT UNSIGNED">
            <parent column="guid" foreignKey="Defined in XML" implied="false" onDeleteCascade="false" table="characters"/>
         </column>
         <column autoUpdated="false" defaultValue="0" digits="0" id="5" name="receiver" nullable="false" remarks="Character Global Unique Identifier" size="10" type="INT UNSIGNED">
            <parent column="guid" foreignKey="Defined in XML" implied="false" onDeleteCascade="false" table="characters"/>
         </column>
         <column autoUpdated="false" digits="0" id="6" name="subject" nullable="true" remarks="" size="2147483647" type="LONGTEXT"/>
         <column autoUpdated="false" defaultValue="0" digits="0" id="7" name="itemTextId" nullable="false" remarks="" size="10" type="INT UNSIGNED"/>
         <column autoUpdated="false" defaultValue="0" digits="0" id="8" name="has_items" nullable="false" remarks="" size="3" type="TINYINT UNSIGNED"/>
         <column autoUpdated="false" defaultValue="0" digits="0" id="9" name="expire_time" nullable="false" remarks="" size="19" type="BIGINT"/>
         <column autoUpdated="false" defaultValue="0" digits="0" id="10" name="deliver_time" nullable="false" remarks="" size="19" type="BIGINT"/>
         <column autoUpdated="false" defaultValue="0" digits="0" id="11" name="money" nullable="false" remarks="" size="10" type="INT UNSIGNED"/>
         <column autoUpdated="false" defaultValue="0" digits="0" id="12" name="cod" nullable="false" remarks="" size="10" type="INT UNSIGNED"/>
         <column autoUpdated="false" defaultValue="0" digits="0" id="13" name="checked" nullable="false" remarks="" size="3" type="TINYINT UNSIGNED"/>
         <primaryKey column="id" sequenceNumberInPK="1"/>
         <index name="PRIMARY" unique="true">
            <column ascending="true" name="id"/>
         </index>
         <index name="idx_receiver" unique="false">
            <column ascending="true" name="receiver"/>
         </index>
      </table>
      <table catalog="characters" name="mail_items" numRows="0" remarks="" type="TABLE">
         <column autoUpdated="false" defaultValue="0" digits="0" id="0" name="mail_id" nullable="false" remarks="" size="10" type="INT">
            <parent column="id" foreignKey="Defined in XML" implied="false" onDeleteCascade="false" table="mail"/>
         </column>
         <column autoUpdated="false" defaultValue="0" digits="0" id="1" name="item_guid" nullable="false" remarks="" size="10" type="INT">
            <parent column="guid" foreignKey="Defined in XML" implied="false" onDeleteCascade="false" table="item_instance"/>
         </column>
         <column autoUpdated="false" defaultValue="0" digits="0" id="2" name="item_template" nullable="false" remarks="" size="10" type="INT">
            <parent column="entry" foreignKey="Defined in XML" implied="false" onDeleteCascade="false" table="item_template"/>
         </column>
         <column autoUpdated="false" defaultValue="0" digits="0" id="3" name="receiver" nullable="false" remarks="Character Global Unique Identifier" size="10" type="INT UNSIGNED">
            <parent column="guid" foreignKey="Defined in XML" implied="false" onDeleteCascade="false" table="characters"/>
         </column>
         <primaryKey column="item_guid" sequenceNumberInPK="1"/>
         <primaryKey column="mail_id" sequenceNumberInPK="2"/>
         <index name="PRIMARY" unique="true">
            <column ascending="true" name="mail_id"/>
            <column ascending="true" name="item_guid"/>
         </index>
         <index name="idx_receiver" unique="false">
            <column ascending="true" name="receiver"/>
         </index>
      </table>
      <table catalog="characters" name="pet_aura" numRows="0" remarks="Pet System" type="TABLE">
         <column autoUpdated="false" defaultValue="0" digits="0" id="0" name="guid" nullable="false" remarks="Global Unique Identifier" size="10" type="INT UNSIGNED">
            <parent column="guid" foreignKey="Defined in XML" implied="false" onDeleteCascade="false" table="characters"/>
         </column>
         <column autoUpdated="false" defaultValue="0" digits="0" id="1" name="caster_guid" nullable="false" remarks="Full Global Unique Identifier" size="20" type="BIGINT UNSIGNED">
            <parent column="guid" foreignKey="Defined in XML" implied="false" onDeleteCascade="false" table="characters"/>
         </column>
         <column autoUpdated="false" defaultValue="0" digits="0" id="2" name="spell" nullable="false" remarks="" size="10" type="INT UNSIGNED">
            <parent column="id" foreignKey="Defined in XML" implied="false" onDeleteCascade="false" table="spell_dbc"/>
         </column>
         <column autoUpdated="false" defaultValue="0" digits="0" id="3" name="effect_index" nullable="false" remarks="" size="10" type="INT UNSIGNED"/>
         <column autoUpdated="false" defaultValue="1" digits="0" id="4" name="stackcount" nullable="false" remarks="" size="10" type="INT"/>
         <column autoUpdated="false" defaultValue="0" digits="0" id="5" name="amount" nullable="false" remarks="" size="10" type="INT"/>
         <column autoUpdated="false" defaultValue="0" digits="0" id="6" name="maxduration" nullable="false" remarks="" size="10" type="INT"/>
         <column autoUpdated="false" defaultValue="0" digits="0" id="7" name="remaintime" nullable="false" remarks="" size="10" type="INT"/>
         <column autoUpdated="false" defaultValue="0" digits="0" id="8" name="remaincharges" nullable="false" remarks="" size="10" type="INT"/>
         <primaryKey column="effect_index" sequenceNumberInPK="1"/>
         <primaryKey column="guid" sequenceNumberInPK="2"/>
         <primaryKey column="spell" sequenceNumberInPK="3"/>
         <index name="PRIMARY" unique="true">
            <column ascending="true" name="guid"/>
            <column ascending="true" name="spell"/>
            <column ascending="true" name="effect_index"/>
         </index>
      </table>
      <table catalog="characters" name="pet_spell" numRows="0" remarks="Pet System" type="TABLE">
         <column autoUpdated="false" defaultValue="0" digits="0" id="0" name="guid" nullable="false" remarks="Global Unique Identifier" size="10" type="INT UNSIGNED">
            <parent column="id" foreignKey="Defined in XML" implied="false" onDeleteCascade="false" table="character_pet"/>
         </column>
         <column autoUpdated="false" defaultValue="0" digits="0" id="1" name="spell" nullable="false" remarks="Spell Identifier" size="10" type="INT UNSIGNED">
            <parent column="id" foreignKey="Defined in XML" implied="false" onDeleteCascade="false" table="spell_dbc"/>
         </column>
         <column autoUpdated="false" defaultValue="0" digits="0" id="2" name="active" nullable="false" remarks="" size="10" type="INT UNSIGNED"/>
         <primaryKey column="guid" sequenceNumberInPK="1"/>
         <primaryKey column="spell" sequenceNumberInPK="2"/>
         <index name="PRIMARY" unique="true">
            <column ascending="true" name="guid"/>
            <column ascending="true" name="spell"/>
         </index>
      </table>
      <table catalog="characters" name="pet_spell_cooldown" numRows="0" remarks="" type="TABLE">
         <column autoUpdated="false" defaultValue="0" digits="0" id="0" name="guid" nullable="false" remarks="Global Unique Identifier, Low part" size="10" type="INT UNSIGNED">
            <parent column="id" foreignKey="Defined in XML" implied="false" onDeleteCascade="false" table="character_pet"/>
         </column>
         <column autoUpdated="false" defaultValue="0" digits="0" id="1" name="spell" nullable="false" remarks="Spell Identifier" size="10" type="INT UNSIGNED">
            <parent column="id" foreignKey="Defined in XML" implied="false" onDeleteCascade="false" table="spell_dbc"/>
         </column>
         <column autoUpdated="false" defaultValue="0" digits="0" id="2" name="time" nullable="false" remarks="" size="20" type="BIGINT UNSIGNED"/>
         <primaryKey column="guid" sequenceNumberInPK="1"/>
         <primaryKey column="spell" sequenceNumberInPK="2"/>
         <index name="PRIMARY" unique="true">
            <column ascending="true" name="guid"/>
            <column ascending="true" name="spell"/>
         </index>
      </table>
      <table catalog="characters" name="petition" numRows="0" remarks="Guild System" type="TABLE">
         <column autoUpdated="false" digits="0" id="0" name="ownerguid" nullable="false" remarks="" size="10" type="INT UNSIGNED">
            <parent column="guid" foreignKey="Defined in XML" implied="false" onDeleteCascade="false" table="characters"/>
         </column>
         <column autoUpdated="false" defaultValue="0" digits="0" id="1" name="petitionguid" nullable="true" remarks="" size="10" type="INT UNSIGNED">
            <parent column="guid" foreignKey="Defined in XML" implied="false" onDeleteCascade="false" table="item_instance"/>
         </column>
         <column autoUpdated="false" defaultValue="" digits="0" id="2" name="name" nullable="false" remarks="" size="255" type="VARCHAR"/>
         <column autoUpdated="false" defaultValue="0" digits="0" id="3" name="type" nullable="false" remarks="" size="10" type="INT UNSIGNED"/>
         <primaryKey column="ownerguid" sequenceNumberInPK="1"/>
         <primaryKey column="type" sequenceNumberInPK="2"/>
         <index name="PRIMARY" unique="true">
            <column ascending="true" name="ownerguid"/>
            <column ascending="true" name="type"/>
         </index>
         <index name="index_ownerguid_petitionguid" unique="true">
            <column ascending="true" name="ownerguid"/>
            <column ascending="true" name="petitionguid"/>
         </index>
      </table>
      <table catalog="characters" name="petition_sign" numRows="0" remarks="Guild System" type="TABLE">
         <column autoUpdated="false" digits="0" id="0" name="ownerguid" nullable="false" remarks="" size="10" type="INT UNSIGNED">
            <parent column="guid" foreignKey="Defined in XML" implied="false" onDeleteCascade="false" table="characters"/>
         </column>
         <column autoUpdated="false" defaultValue="0" digits="0" id="1" name="petitionguid" nullable="false" remarks="" size="10" type="INT UNSIGNED">
            <parent column="guid" foreignKey="Defined in XML" implied="false" onDeleteCascade="false" table="item_instance"/>
         </column>
         <column autoUpdated="false" defaultValue="0" digits="0" id="2" name="playerguid" nullable="false" remarks="" size="10" type="INT UNSIGNED">
            <parent column="guid" foreignKey="Defined in XML" implied="false" onDeleteCascade="false" table="characters"/>
         </column>
         <column autoUpdated="false" defaultValue="0" digits="0" id="3" name="player_account" nullable="false" remarks="" size="10" type="INT UNSIGNED">
            <parent column="id" foreignKey="Defined in XML" implied="false" onDeleteCascade="false" table="account"/>
         </column>
         <column autoUpdated="false" defaultValue="0" digits="0" id="4" name="type" nullable="false" remarks="" size="10" type="INT UNSIGNED"/>
         <primaryKey column="petitionguid" sequenceNumberInPK="1"/>
         <primaryKey column="playerguid" sequenceNumberInPK="2"/>
         <index name="PRIMARY" unique="true">
            <column ascending="true" name="petitionguid"/>
            <column ascending="true" name="playerguid"/>
         </index>
      </table>
      <table catalog="characters" name="saved_variables" numRows="0" remarks="Variable Saves" type="TABLE">
         <column autoUpdated="false" defaultValue="0" digits="0" id="0" name="NextArenaPointDistributionTime" nullable="false" remarks="" size="20" type="BIGINT UNSIGNED"/>
      </table>
   </tables>
</database>
